mQuestID,mSubTargetID,mDifficulty,mFixedItemTableID
538553008,1703,1,118
538553008,2201,1,118
3104897802,1014,1,118
3104897802,1601,1,118
3457665948,2401,1,118
3457665948,1014,1,118
1349738047,1001,1,118
1349738047,2201,1,118
661941929,1001,1,118
661941929,1203,1,118
3195879187,1302,1,118
3195879187,1703,1,118
3380219781,2101,1,118
3380219781,1918,1,118
1506087444,1003,1,118
1506087444,1602,1,118
613733890,1601,1,118
613733890,1004,1,118
3181217720,1005,1,118
3181217720,1701,1,118
3399137070,1904,1,118
3399137070,2401,1,118
1425941133,1904,1,118
1425941133,1204,1,118
603525659,1003,1,118
603525659,1202,1,118
3136308129,1202,1,118
3136308129,1903,1,118
3455546167,1602,1,118
3455546167,2201,1,118
1565028006,1918,1,118
1565028006,1301,1,118
655360620,1002,1,118
655360620,1601,1,118
3189330902,2401,1,118
3189330902,1009,1,118
3374211904,1918,1,118
3374211904,1304,1,118
1467676387,1918,1,118
1467676387,1703,1,118
545113717,1001,1,118
545113717,1904,1,118
3111425999,2401,1,118
3111425999,1903,1,118
3463685977,2401,1,118
3463685977,1912,1,118
1590475464,1915,1,118
1590475464,1703,1,118
1740230752,1702,1,118
1740230752,1126,1,118
4272980442,1014,1,118
4272980442,1304,1,118
2310517068,2401,1,118
2310517068,1011,1,118
399713519,1703,1,118
399713519,1904,1,118
1624511609,1918,1,118
1624511609,1601,1,118
4192028099,1303,1,118
4192028099,1918,1,118
2396681557,1903,1,118
2396681557,1904,1,118
509962436,1602,1,118
509962436,1904,1,118
1719384663,1004,1,118
1719384663,2101,1,118
4285721581,1009,1,118
4285721581,1703,1,118
2289425275,1201,1,118
2289425275,1903,1,118
370233048,1903,1,118
370233048,1702,1,118
1628864078,2201,1,118
1628864078,1014,1,118
4162793460,1203,1,118
4162793460,1006,1,118
2400722786,2401,1,118
2400722786,1304,1,118
531038963,1911,1,118
531038963,1401,1,118
1660339941,1014,1,118
1660339941,1106,1,118
4227831647,1201,1,118
4227831647,1703,1,118
2365106121,1904,1,118
2365106121,1701,1,118
312226410,1301,1,118
312226410,1104,1,118
1704657660,1918,1,118
1704657660,2401,1,118
4237448006,1918,1,118
4237448006,1002,1,118
2341823440,1007,1,118
2341823440,2101,1,118
455769665,1001,1,118
455769665,1602,1,118
1622177980,1011,1,118
1622177980,1703,1,118
4189661446,1105,1,118
4189661446,1601,1,118
2394823056,1110,1,118
2394823056,2301,1,118
282758195,1202,1,118
282758195,1703,1,118
1742584997,1005,1,118
1742584997,2201,1,118
4275367199,2101,1,118
4275367199,1010,1,118
2312363401,2301,1,118
2312363401,2401,1,118
426557464,1303,1,118
426557464,1915,1,118
1634865803,1004,1,118
1634865803,1203,1,118
4168827697,1702,1,118
4168827697,1006,1,118
2407297959,2201,1,118
2407297959,1904,1,118
286844420,1105,1,118
286844420,1304,1,118
1713362578,1918,1,118
1713362578,1012,1,118
4279666472,1204,1,118
4279666472,1601,1,118
2282862526,1911,1,118
2282862526,1901,1,118
414100015,1911,1,118
414100015,2401,1,118
1781421494,1703,1,118
1781421494,1011,1,118
4079420428,1003,1,118
4079420428,2101,1,118
2216703130,1601,1,118
2216703130,1903,1,118
440705337,1602,1,118
440705337,1104,1,118
1833144751,1205,1,118
1833144751,2201,1,118
4098539541,2101,1,118
4098539541,1602,1,118
2202923139,1011,1,118
2202923139,1401,1,118
334687506,1106,1,118
334687506,1010,1,118
1810644865,1205,1,118
1810644865,1302,1,118
4075122235,1005,1,118
4075122235,1702,1,118
2246205101,1014,1,118
2246205101,1702,1,118
461818638,1108,1,118
461818638,1904,1,118
1820457880,1918,1,118
1820457880,1703,1,118
4119374370,1918,1,118
4119374370,1001,1,118
2190449332,1915,1,118
2190449332,1304,1,118
305170213,2301,1,118
305170213,1012,1,118
3699467115,2401,1,118
3699467115,1305,1,118
1166553809,1601,1,118
1166553809,1202,1,118
848233031,1012,1,118
848233031,1010,1,118
2901120996,1009,1,118
2901120996,1903,1,118
3689719666,2201,1,118
3689719666,1911,1,118
1122367176,1901,1,118
1122367176,1011,1,118
904054366,1703,1,118
904054366,1915,1,118
2774391759,1007,1,118
2774391759,1912,1,118
3741693701,1904,1,118
3741693701,1003,1,118
1175250623,1002,1,118
1175250623,1904,1,118
822859305,1111,1,118
822859305,1918,1,118
2943304586,1004,1,118
2943304586,2301,1,118
3630723868,1002,1,118
3630723868,1007,1,118
1096884902,1203,1,118
1096884902,1918,1,118
912658992,1203,1,118
912658992,1304,1,118
2799243169,1901,1,118
2799243169,1601,1,118
3737640242,1008,1,118
3737640242,1006,1,118
1204718728,1204,1,118
1204718728,1205,1,118
818527262,1901,1,118
818527262,1003,1,118
2930583997,1901,1,118
2930583997,1004,1,118
3651803435,1601,1,118
3651803435,1305,1,118
1084442769,1010,1,118
1084442769,1111,1,118
933525511,1602,1,118
933525511,1907,1,118
2803590550,1014,1,118
2803590550,2401,1,118
3662324096,1105,1,118
3662324096,1001,1,118
1128525882,1009,1,118
1128525882,1701,1,118
876921004,1108,1,118
876921004,2101,1,118
2854245647,2201,1,118
2854245647,1918,1,118
3710346649,1012,1,118
3710346649,1107,1,118
1143878691,1004,1,118
1143878691,2301,1,118
858326197,1904,1,118
858326197,1702,1,118
2744523044,1904,1,118
2744523044,1011,1,118
3624673241,1203,1,118
3624673241,1911,1,118
1090866787,1202,1,118
1090866787,2101,1,118
906133237,1915,1,118
906133237,2201,1,118
2825317206,1601,1,118
2825317206,1302,1,118
3747732416,2401,1,118
3747732416,2301,1,118
1181256314,1901,1,118
1181256314,2301,1,118
829405932,1703,1,118
829405932,1901,1,118
2714806141,1907,1,118
2714806141,1104,1,118
1524234704,2201,1,118
1524234704,1006,1,118
3285231722,1011,1,118
3285231722,1007,1,118
3034028284,1109,1,118
3034028284,1205,1,118
716377439,1201,1,118
716377439,1003,1,118
1572093385,1903,1,118
1572093385,1126,1,118
3300748403,1904,1,118
3300748403,1103,1,118
3015335141,1008,1,118
3015335141,1912,1,118
587546996,1112,1,118
587546996,1903,1,118
1528533991,1401,1,118
1528533991,1007,1,118
3256009309,1002,1,118
3256009309,1602,1,118
3038114507,1904,1,118
3038114507,1005,1,118
728852328,1301,1,118
728852328,1303,1,118
1551259646,1901,1,118
1551259646,1911,1,118
3313436228,1008,1,118
3313436228,1110,1,118
2994222802,1901,1,118
2994222802,1001,1,118
583478083,1002,1,118
583478083,1703,1,118
1582597474,1001,1,118
1582597474,1302,1,118
3344815320,2201,1,118
3344815320,1102,1,118
2958746702,1303,1,118
2958746702,1904,1,118
775844333,1004,1,118
775844333,1904,1,118
1496924539,2101,1,118
1496924539,1918,1,118
3224375489,2101,1,118
3224375489,1201,1,118
3073843287,1915,1,118
3073843287,1007,1,118
663240134,1006,1,118
663240134,1915,1,118
1603727189,1701,1,118
1603727189,1014,1,118
3332357871,1205,1,118
3332357871,1009,1,118
2979565177,2201,1,118
2979565177,1104,1,118
805051354,1205,1,118
805051354,1203,1,118
1492855628,1702,1,118
1492855628,1901,1,118
3253893878,1005,1,118
3253893878,1001,1,118
3069528672,1907,1,118
3069528672,1106,1,118
642406385,1011,1,118
642406385,1010,1,118
1573933324,1702,1,118
1573933324,1401,1,118
3302555830,1304,1,118
3302555830,1103,1,118
3017682976,2101,1,118
3017682976,2201,1,118
767206787,1305,1,118
767206787,1107,1,118
1522373909,2301,1,118
1522373909,1014,1,118
3283403951,1109,1,118
3283403951,1012,1,118
3031692345,1111,1,118
3031692345,2401,1,118
604826024,1901,1,118
604826024,1915,1,118
1544698683,1009,1,118
1544698683,1204,1,118
3306908289,1202,1,118
3306908289,1003,1,118
2988202519,1601,1,118
2988202519,1912,1,118
746114996,1105,1,118
746114996,2201,1,118
1535115042,1602,1,118
1535115042,1915,1,118
3262557848,1126,1,118
3262557848,1912,1,118
3044122126,1112,1,118
3044122126,1006,1,118
634291103,1912,1,118
634291103,1205,1,118
1452021297,1112,1,118
1452021297,1401,1,118
3481618315,1008,1,118
3481618315,1701,1,118
3095557917,1203,1,118
3095557917,2301,1,118
652665534,2101,1,118
652665534,1005,1,118
1373753896,1912,1,118
1373753896,1303,1,118
3370681234,1202,1,118
3370681234,1008,1,118
3220157188,1106,1,118
3220157188,1701,1,118
793816725,1205,1,118
793816725,1108,1,118
3789638363,2201,1,118
3789638363,1126,1,118
2028477281,1002,1,118
2028477281,1005,1,118
267332599,1901,1,118
267332599,1904,1,118
2441854548,1012,1,118
2441854548,1105,1,118
3867971266,1201,1,118
3867971266,1915,1,118
2139479928,1109,1,118
2139479928,1204,1,118
142798830,1912,1,118
142798830,1007,1,118
2554196607,1915,1,118
2554196607,1301,1,118
3798310581,1003,1,118
3798310581,1601,1,118
2070728463,1009,1,118
2070728463,1302,1,118
208404377,1004,1,118
208404377,1011,1,118
2450483770,2301,1,118
2450483770,1702,1,118
3842529964,1104,1,118
3842529964,1014,1,118
2080443158,1002,1,118
2080443158,1602,1,118
184957824,1001,1,118
184957824,2401,1,118
2612602385,1912,1,118
2612602385,1906,1,118
3874021895,1102,1,118
3874021895,1918,1,118
2145498045,1915,1,118
2145498045,1107,1,118
149324587,1304,1,118
149324587,1901,1,118
2525107848,1901,1,118
2525107848,1304,1,118
3783599646,1101,1,118
3783599646,1906,1,118
2022471588,1111,1,118
2022471588,1110,1,118
260785970,1103,1,118
260785970,1205,1,118
2671008419,1915,1,118
2671008419,1010,1,118
3878324272,1004,1,118
3878324272,1903,1,118
2116278666,1912,1,118
2116278666,1009,1,118
153413916,1702,1,118
153413916,1915,1,118
2537585855,1006,1,118
2537585855,1008,1,118
3762768937,1010,1,118
3762768937,1912,1,118
2035162515,1111,1,118
2035162515,1109,1,118
239676677,1107,1,118
239676677,1703,1,118
2666934420,2101,1,118
2666934420,1401,1,118
3908642240,2301,1,118
3908642240,1904,1,118
1911583866,1126,1,118
1911583866,1904,1,118
116868332,1110,1,118
116868332,2401,1,118
2559824207,1001,1,118
2559824207,1112,1,118
4019511769,1009,1,118
4019511769,1101,1,118
1990045795,1903,1,118
1990045795,1912,1,118
26902773,1912,1,118
26902773,1104,1,118
2435161444,1011,1,118
2435161444,1002,1,118
3912978423,1202,1,118
3912978423,1901,1,118
1882332749,1201,1,118
1882332749,1106,1,118
120925915,1003,1,118
120925915,1903,1,118
2572270456,1903,1,118
2572270456,1103,1,118
3998649326,1203,1,118
3998649326,1301,1,118
2002770516,1601,1,118
2002770516,1302,1,118
5827266,1915,1,118
5827266,1901,1,118
2431121235,1005,1,118
2431121235,1915,1,118
3967048050,1701,1,118
3967048050,1918,1,118
1971128520,1102,1,118
1971128520,1602,1,118
41564254,1204,1,118
41564254,1918,1,118
2619256317,1105,1,118
2619256317,1912,1,118
3944324459,1915,1,118
3944324459,1305,1,118
1913703633,1008,1,118
1913703633,1703,1,118
85457991,2101,1,118
85457991,1913,1,118
2510873046,1012,1,118
2510873046,1303,1,118
3988140869,1007,1,118
3988140869,2201,1,118
1958699775,1903,1,118
1958699775,1401,1,118
62411369,1601,1,118
62411369,1107,1,118
2648491978,1901,1,118
2648491978,1111,1,118
3940284252,1907,1,118
3940284252,1912,1,118
1943185126,1906,1,118
1943185126,1007,1,118
81106544,1005,1,118
81106544,1701,1,118
2490010593,1104,1,118
2490010593,1106,1,118
4025519388,1011,1,118
4025519388,1112,1,118
1996086438,2301,1,118
1996086438,1001,1,118
33483824,1126,1,118
33483824,1911,1,118
2677701011,1911,1,118
2677701011,1204,1,118
3902621957,1918,1,118
3902621957,1205,1,118
1905531071,2201,1,118
1905531071,1003,1,118
110307369,1920,1,118
110307369,1602,1,118
2519479736,1304,1,118
2519479736,1202,1,118
3996313387,1101,1,118
3996313387,1203,1,118
2000402065,1901,1,118
2000402065,1303,1,118
3966471,1904,1,118
3966471,1110,1,118
2656572324,1202,1,118
2656572324,1904,1,118
3915326258,2401,1,118
3915326258,1912,1,118
1884713608,2101,1,118
1884713608,1201,1,118
122765854,1004,1,118
122765854,1102,1,118
2548981647,1105,1,118
2548981647,1008,1,118
3836529185,1918,1,118
3836529185,1010,1,118
2108005275,1918,1,118
2108005275,1305,1,118
178432781,1703,1,118
178432781,1009,1,118
2496020142,1012,1,118
2496020142,1903,1,118
3821080120,1006,1,118
3821080120,1915,1,118
2059952002,1109,1,118
2059952002,2201,1,118
231698196,1002,1,118
231698196,1915,1,118
2641392261,1103,1,118
2641392261,1915,1,118
1375993084,1904,1,118
1375993084,1014,1,118
3406474566,1702,1,118
3406474566,1904,1,118
3155008976,1007,1,118
3155008976,1302,1,118
577308787,2301,1,118
577308787,1203,1,118
1433286885,1201,1,118
1433286885,1011,1,118
3429329247,2101,1,118
3429329247,1104,1,118
3143653833,1012,1,118
3143653833,1111,1,118
736052312,1003,1,118
736052312,1901,1,118
1346716325,1904,1,118
1346716325,1002,1,118
3377206047,1904,1,118
3377206047,1701,1,118
3192595337,1915,1,118
3192595337,1101,1,118
539997738,1010,1,118
539997738,1915,1,118
1462273724,1912,1,118
1462273724,1126,1,118
3458324230,1004,1,118
3458324230,1915,1,118
3106334608,1102,1,118
3106334608,1905,1,118
697956865,1001,1,118
697956865,2101,1,118
1422409239,1904,1,118
1422409239,1014,1,118
3452006317,1105,1,118
3452006317,1904,1,118
3133562683,1103,1,118
3133562683,1918,1,118
614648472,1008,1,118
614648472,1106,1,118
1403386382,1204,1,118
1403386382,1602,1,118
3400313780,1703,1,118
3400313780,1301,1,118
3182140194,1904,1,118
3182140194,1107,1,118
756319923,1303,1,118
756319923,2101,1,118
1426740256,1304,1,118
1426740256,1401,1,118
3422750106,1703,1,118
3422750106,1920,1,118
3137615116,1202,1,118
3137615116,1108,1,118
627089583,1906,1,118
627089583,1203,1,118
1382518841,1305,1,118
1382518841,1702,1,118
3413033347,2401,1,118
3413033347,1901,1,118
3161059605,1915,1,118
3161059605,1602,1,118
752282756,1912,1,118
752282756,1703,1,118
3583577200,1009,1,118
3583577200,2301,1,118
1284529610,2201,1,118
1284529610,1109,1,118
999779676,1911,1,118
999779676,1005,1,118
2784229631,1601,1,118
2784229631,1205,1,118
3539257449,1006,1,118
3539257449,1011,1,118
1274911187,1203,1,118
1274911187,1901,1,118
1023060293,1920,1,118
1023060293,2401,1,118
2890249428,1106,1,118
2890249428,1920,1,118
3507777730,1703,1,118
3507777730,1202,1,118
1209868664,1007,1,118
1209868664,1102,1,118
1058673134,1105,1,118
1058673134,1304,1,118
2709423181,1005,1,118
2709423181,1602,1,118
3598300379,1912,1,118
3598300379,1915,1,118
1332798817,1101,1,118
1332798817,1012,1,118
947377655,1009,1,118
947377655,1126,1,118
2831730790,1907,1,118
2831730790,1906,1,118
3503692533,1904,1,118
3503692533,1903,1,118
1239370575,2201,1,118
1239370575,1205,1,118
1054374873,1204,1,118
1054374873,1004,1,118
2696736378,1915,1,118
2696736378,1002,1,118
3619413740,1001,1,118
3619413740,1107,1,118
1320324950,1103,1,118
1320324950,1903,1,118
968212416,1701,1,118
968212416,1014,1,118
2836046417,1006,1,118
2836046417,1112,1,118
3532694700,1302,1,118
3532694700,1303,1,118
1268380950,1912,1,118
1268380950,1201,1,118
1017038208,1920,1,118
1017038208,1702,1,118
2734313507,2101,1,118
2734313507,1014,1,118
3590152373,1915,1,118
3590152373,1912,1,118
1291071759,1104,1,118
1291071759,1912,1,118
1005781401,1912,1,118
1005781401,2301,1,118
2873891848,1601,1,118
2873891848,1111,1,118
3545419419,1108,1,118
3545419419,1918,1,118
1247518497,1205,1,118
1247518497,1109,1,118
1029484471,1003,1,118
1029484471,1301,1,118
2738371092,1401,1,118
2738371092,1912,1,118
3560901250,1920,1,118
3560901250,2101,1,118
1295407928,1010,1,118
1295407928,1008,1,118
976317358,1202,1,118
976317358,1003,1,118
2861463103,2101,1,118
2861463103,1006,1,118
3624831398,2301,1,118
3624831398,1205,1,118
1091033116,1111,1,118
1091033116,1010,1,118
906029194,1901,1,118
906029194,1918,1,118
2825157929,1126,1,118
2825157929,2401,1,118
3747827135,1912,1,118
3747827135,1903,1,118
1181359109,1001,1,118
1181359109,1903,1,118
829238419,1912,1,118
829238419,1104,1,118
2714906882,2201,1,118
2714906882,1011,1,118
1856094075,1918,1,118
1856094075,1601,1,118
4155043521,1009,1,118
4155043521,1101,1,118
2159009367,1109,1,118
2159009367,1303,1,118
516639732,1110,1,118
516639732,1004,1,118
1775008610,1002,1,118
1775008610,1911,1,118
4039453400,1701,1,118
4039453400,1911,1,118
2277644878,1915,1,118
2277644878,1912,1,118
394069983,2101,1,118
394069983,1105,1,118
1868813644,1005,1,118
1868813644,1915,1,118
4134175990,1007,1,118
4134175990,1915,1,118
2171450464,2301,1,118
2171450464,1005,1,118
520692163,1918,1,118
520692163,1602,1,118
1745752405,1912,1,118
1745752405,1103,1,118
4043784431,1204,1,118
4043784431,1913,1,118
2248175737,1102,1,118
2248175737,1203,1,118
381644264,1912,1,118
381644264,1107,1,118
1831168789,1904,1,118
1831168789,1014,1,118
4096539311,1703,1,118
4096539311,1302,1,118
2200635961,1201,1,118
2200635961,1702,1,118
491757466,1012,1,118
491757466,1106,1,118
1783148300,1913,1,118
1783148300,1401,1,118
4081188534,1305,1,118
4081188534,1112,1,118
2219232800,1304,1,118
2219232800,1204,1,118
351916977,1008,1,118
351916977,1905,1,118
1772623783,2201,1,118
1772623783,1111,1,118
4037101085,1014,1,118
4037101085,1202,1,118
2275833483,1008,1,118
2275833483,1920,1,118
432202536,1912,1,118
432202536,1009,1,118
1858458558,1011,1,118
1858458558,1913,1,118
4157374980,2301,1,118
4157374980,1203,1,118
2160833170,1301,1,118
2160833170,1602,1,118
276082435,1906,1,118
276082435,1702,1,118
1781318601,2401,1,118
1781318601,1901,1,118
4079325811,1905,1,118
4079325811,1702,1,118
2216862437,1915,1,118
2216862437,1108,1,118
440809286,1004,1,118
440809286,1901,1,118
1832978384,1915,1,118
1832978384,2201,1,118
4098381418,1005,1,118
4098381418,1103,1,118
2203019004,1007,1,118
2203019004,1906,1,118
334527341,2201,1,118
334527341,1906,1,118
1810803198,1920,1,118
1810803198,1703,1,118
4075288644,1920,1,118
4075288644,2101,1,118
2246101202,1601,1,118
2246101202,1906,1,118
461659505,1002,1,118
461659505,1901,1,118
1820552679,1915,1,118
1820552679,1913,1,118
4119477341,1110,1,118
4119477341,1913,1,118
2190281931,1915,1,118
2190281931,1104,1,118
305271130,1401,1,118
305271130,2301,1,118
2453239456,1918,1,118
2453239456,1112,1,118
187705114,2201,1,118
187705114,1107,1,118
2083985292,1109,1,118
2083985292,1006,1,118
3797123631,1701,1,118
3797123631,1003,1,118
2505355961,1918,1,118
2505355961,1106,1,118
207479555,1204,1,118
207479555,1915,1,118
2069549973,2201,1,118
2069549973,1012,1,118
3957706244,1915,1,118
3957706244,1912,1,118
2482707607,1101,1,118
2482707607,1005,1,118
183651629,2401,1,118
183651629,1105,1,118
2113240507,1912,1,118
2113240507,1903,1,118
3817990168,1903,1,118
3817990168,1912,1,118
2492913806,1014,1,118
2492913806,1111,1,118
228559156,1201,1,118
228559156,1001,1,118
2056829346,1913,1,118
2056829346,1915,1,118
3928466483,1126,1,118
3928466483,1009,1,118
2541117477,1109,1,118
2541117477,1007,1,118
243216799,1702,1,118
243216799,1301,1,118
2037907721,1012,1,118
2037907721,1108,1,118
3877409962,2301,1,118
3877409962,2201,1,118
2417730620,1106,1,118
2417730620,1901,1,118
152237446,1401,1,118
152237446,1601,1,118
2115355920,1911,1,118
2115355920,1901,1,118
4004173953,1104,1,118
4004173953,1008,1,118
2503007868,1110,1,118
2503007868,2201,1,118
205098950,1010,1,118
205098950,1901,1,118
2067709776,1702,1,118
2067709776,1920,1,118
3847891699,1103,1,118
3847891699,1202,1,118
2455575141,1911,1,118
2455575141,2201,1,118
190073823,1002,1,118
190073823,1205,1,118
2085845833,1906,1,118
2085845833,1201,1,118
3974915800,1901,1,118
3974915800,1011,1,118
2498933835,1303,1,118
2498933835,1903,1,118
234612209,1112,1,118
234612209,1703,1,118
2063390055,1204,1,118
2063390055,1602,1,118
3835183300,1915,1,118
3835183300,1302,1,118
2476699730,1006,1,118
2476699730,1005,1,118
177611240,2101,1,118
177611240,1004,1,118
2106659198,1107,1,118
2106659198,1907,1,118
3979218159,1003,1,118
3979218159,1906,1,118
2679042934,1203,1,118
2679042934,1101,1,118
111649484,1701,1,118
111649484,1305,1,118
1906348634,1901,1,118
1906348634,2401,1,118
4022601721,1703,1,118
4022601721,2201,1,118
2562930543,1014,1,118
2562930543,1202,1,118
30041813,2201,1,118
30041813,1913,1,118
1993168451,1912,1,118
1993168451,1303,1,118
3866250194,1126,1,118
3866250194,1906,1,118
2657917249,1011,1,118
2657917249,1918,1,118
124111099,1106,1,118
124111099,2101,1,118
1885534317,1920,1,118
1885534317,1012,1,118
3993398734,1602,1,118
3993398734,1920,1,118
2567003480,1911,1,118
2567003480,1009,1,118
527586,1401,1,118
527586,1003,1,118
1997487220,1903,1,118
1997487220,2101,1,118
3887079909,2201,1,118
3887079909,1105,1,118
687981995,1108,1,118
687981995,1005,1,118
2953352209,1204,1,118
2953352209,1305,1,118
3339691143,1912,1,118
3339691143,1203,1,118
1500197156,1004,1,118
1500197156,2301,1,118
778830258,1001,1,118
778830258,1104,1,118
3076870152,1201,1,118
3076870152,1008,1,118
3227672734,1002,1,118
3227672734,1912,1,118
1356692751,1006,1,118
1356692751,1203,1,118
713363909,1920,1,118
713363909,1103,1,118
3012313215,1107,1,118
3012313215,1920,1,118
3297472745,1702,1,118
3297472745,1915,1,118
1525671242,1901,1,118
1525671242,1302,1,118
770233820,1911,1,118
770233820,1601,1,118
3034678374,1205,1,118
3034678374,1901,1,118
3286676720,1109,1,118
3286676720,1007,1,118
1398384993,1101,1,118
1398384993,1602,1,118
772304247,1904,1,118
772304247,1304,1,118
3070311629,1904,1,118
3070311629,1010,1,118
3221621851,1111,1,118
3221621851,2301,1,118
1583520248,1110,1,118
1583520248,1920,1,118
694528366,1301,1,118
694528366,1901,1,118
2959931604,1911,1,118
2959931604,2201,1,118
3345729602,1008,1,118
3345729602,1007,1,118
1473566163,2201,1,118
1473566163,1110,1,118
801769280,1006,1,118
801769280,1912,1,118
3066255098,1003,1,118
3066255098,1401,1,118
3250873964,1108,1,118
3250873964,1203,1,118
1604383695,1002,1,118
1604383695,1601,1,118
682083161,1901,1,118
682083161,1305,1,118
2981008099,1901,1,118
2981008099,1911,1,118
3333005941,1102,1,118
3333005941,1011,1,118
1444331492,1205,1,118
1444331492,1903,1,118
2941869840,1014,1,118
2941869840,1702,1,118
911216298,1005,1,118
911216298,1904,1,118
1096236604,1901,1,118
1096236604,2401,1,118
3744705439,1703,1,118
3744705439,1304,1,118
2822019849,1912,1,118
2822019849,1107,1,118
826133171,1912,1,118
826133171,1105,1,118
1178270245,1001,1,118
1178270245,1302,1,118
3599099828,1912,1,118
3599099828,1906,1,118
2929407271,1112,1,118
2929407271,1915,1,118
932340893,1004,1,118
932340893,1201,1,118
1083528203,1915,1,118
1083528203,2201,1,118
3740385704,1204,1,118
3740385704,1602,1,118
2851533118,1912,1,118
2851533118,1012,1,118
822059140,1009,1,118
822059140,2301,1,118
1207472146,1109,1,118
1207472146,1303,1,118
3611790723,2301,1,118
3611790723,1010,1,118
2882806690,1920,1,118
2882806690,1006,1,118
853373464,1920,1,118
853373464,2101,1,118
1171931790,1202,1,118
1171931790,1106,1,118
3686717229,1702,1,118
3686717229,2301,1,118
2897864635,1103,1,118
2897864635,1901,1,118
900773377,1126,1,118
900773377,2201,1,118
1119323799,1906,1,118
1119323799,1108,1,118
3523779334,1304,1,118
3523779334,1702,1,118
2853587349,1903,1,118
2853587349,1007,1,118
857675823,1703,1,118
857675823,1111,1,118
1142433977,1903,1,118
1142433977,1912,1,118
3665607962,1201,1,118
3665607962,1903,1,118
2910555532,1126,1,118
2910555532,1702,1,118
879942710,1401,1,118
879942710,1915,1,118
1131801760,1204,1,118
1131801760,1011,1,118
3553292593,1002,1,118
3553292593,1014,1,118
2844958203,1601,1,118
2844958203,1205,1,118
815516737,1102,1,118
815516737,1915,1,118
1201470679,1901,1,118
1201470679,2301,1,118
3656935796,1004,1,118
3656935796,1911,1,118
2935970274,1001,1,118
2935970274,1203,1,118
938870872,2401,1,118
938870872,1101,1,118
1089550542,1915,1,118
1089550542,1106,1,118
3494782303,1104,1,118
3494782303,1014,1,118
2731465414,1009,1,118
2731465414,1005,1,118
1002933116,1202,1,118
1002933116,1912,1,118
1287699434,1911,1,118
1287699434,1008,1,118
3533975113,1901,1,118
3533975113,1911,1,118
2778930911,1107,1,118
2778930911,1602,1,118
1017794405,2201,1,118
1017794405,1305,1,118
1269661683,1912,1,118
1269661683,1906,1,118
3675415138,1110,1,118
3675415138,1010,1,118
341961755,2101,1,118
341961755,1202,1,118
2372451745,1105,1,118
2372451745,2101,1,118
4201614647,1006,1,118
4201614647,1901,1,118
1678448788,1003,1,118
1678448788,1301,1,118
319563778,1012,1,118
319563778,1915,1,118
2315614648,1103,1,118
2315614648,1912,1,118
4244785454,1302,1,118
4244785454,1911,1,118
1841124543,1401,1,118
1841124543,1202,1,118
363038252,1001,1,118
363038252,1602,1,118
2360006550,1107,1,118
2360006550,1911,1,118
4222478080,1907,1,118
4222478080,1912,1,118
1707700899,1912,1,118
1707700899,1005,1,118
315507253,1703,1,118
315507253,1004,1,118
2345079695,1912,1,118
2345079695,2201,1,118
4240450329,1112,1,118
4240450329,1912,1,118
1820278408,1205,1,118
1820278408,1110,1,118
371675714,1915,1,118
371675714,1103,1,118
2402157560,2101,1,118
2402157560,2301,1,118
4163449710,1906,1,118
4163449710,2401,1,118
1716365005,2301,1,118
1716365005,1104,1,118
290100827,1204,1,118
290100827,1302,1,118
2286143457,1101,1,118
2286143457,1305,1,118
4282709879,1703,1,118
4282709879,1915,1,118
1878780646,1915,1,118
1878780646,1702,1,118
325600455,1304,1,118
325600455,1401,1,118
2321618301,2301,1,118
2321618301,1911,1,118
4251330027,1915,1,118
4251330027,1201,1,118
1661120584,1702,1,118
1661120584,1920,1,118
335904990,1903,1,118
335904990,1105,1,118
2366427492,1903,1,118
2366427492,1912,1,118
4195082738,1202,1,118
4195082738,2101,1,118
1790245987,1901,1,118
1790245987,1912,1,118
313143024,1102,1,118
313143024,1201,1,118
2342747978,1203,1,118
2342747978,2301,1,118
4238626780,1401,1,118
4238626780,1303,1,118
1656806015,1915,1,118
1656806015,1912,1,118
365423337,1602,1,118
365423337,1106,1,118
2362358611,1301,1,118
2362358611,1601,1,118
4224289733,1401,1,118
4224289733,2401,1,118
1802933844,1602,1,118
1802933844,2101,1,118
755615937,1301,1,118
755615937,1003,1,118
3019938171,1601,1,118
3019938171,1204,1,118
3272059373,1008,1,118
3272059373,1602,1,118
1566784590,2101,1,118
1566784590,1101,1,118
711199960,1103,1,118
711199960,1915,1,118
3010288994,1915,1,118
3010288994,1205,1,118
3295309300,1702,1,118
3295309300,1201,1,118
1423274085,1305,1,118
1423274085,1912,1,118
751543030,1002,1,118
751543030,1903,1,118
3049452364,1111,1,118
3049452364,1703,1,118
3267740634,1014,1,118
3267740634,1203,1,118
1554077305,1304,1,118
1554077305,1006,1,118
732325615,1912,1,118
732325615,1108,1,118
2997827413,2301,1,118
2997827413,1012,1,118
3316123587,1301,1,118
3316123587,1901,1,118
1427577426,1912,1,118
1427577426,1915,1,118
696562803,1001,1,118
696562803,1007,1,118
2962089417,1202,1,118
2962089417,1010,1,118
3347764575,1401,1,118
3347764575,1702,1,118
1508786428,1005,1,118
1508786428,1915,1,118
787050602,1915,1,118
787050602,1913,1,118
3084919248,1915,1,118
3084919248,1009,1,118
3236368710,2401,1,118
3236368710,2201,1,118
1347947735,2201,1,118
1347947735,1126,1,118
675733060,1110,1,118
675733060,1911,1,118
2974781438,1107,1,118
2974781438,1109,1,118
3326656360,1204,1,118
3326656360,1901,1,118
1479289547,1011,1,118
1479289547,1002,1,118
791353949,1104,1,118
791353949,2201,1,118
3055700967,1912,1,118
3055700967,1102,1,118
3240459121,1014,1,118
3240459121,1205,1,118
1369073376,1912,1,118
1369073376,1004,1,118
704667677,1903,1,118
704667677,1106,1,118
3003724199,1904,1,118
3003724199,1912,1,118
3289252145,1915,1,118
3289252145,1102,1,118
1516934290,1302,1,118
1516934290,1109,1,118
762160132,1009,1,118
762160132,1912,1,118
3026515390,1920,1,118
3026515390,1305,1,118
3278095656,1702,1,118
3278095656,1012,1,118
1406982329,2201,1,118
1406982329,1105,1,118
734136874,1007,1,118
734136874,1304,1,118
2999671696,1918,1,118
2999671696,2401,1,118
3318508294,1201,1,118
3318508294,1126,1,118
1537801893,1912,1,118
1537801893,1202,1,118
749719091,1110,1,118
749719091,1703,1,118
3047595913,1011,1,118
3047595913,1303,1,118
3265376031,2301,1,118
3265376031,1906,1,118
1377743502,1004,1,118
1377743502,2201,1,118
559687456,1911,1,118
559687456,1205,1,118
3092608666,1112,1,118
3092608666,1601,1,118
3478275596,1103,1,118
3478275596,2101,1,118
1362547631,1912,1,118
1362547631,1903,1,118
640803641,1010,1,118
640803641,1401,1,118
3208163971,1920,1,118
3208163971,2301,1,118
3359605269,1001,1,118
3359605269,1913,1,118
1484824452,1915,1,118
1484824452,1104,1,118
2519825354,1002,1,118
2519825354,1204,1,118
255339120,1920,1,118
255339120,1008,1,118
2017401574,1003,1,118
2017401574,1203,1,118
3864760133,1106,1,118
3864760133,1912,1,118
2438774739,1111,1,118
2438774739,1014,1,118
139849321,2101,1,118
139849321,1901,1,118
2136137471,1912,1,118
2136137471,1702,1,118
4025336686,1903,1,118
4025336686,1101,1,118
2511712164,1201,1,118
2511712164,1912,1,118
213712414,1005,1,118
213712414,1602,1,118
2075905672,1901,1,118
2075905672,1002,1,118
3856620331,1006,1,118
3856620331,1901,1,118
2463656893,1905,1,118
2463656893,1602,1,118
198261255,1304,1,118
198261255,1105,1,118
2094402193,2101,1,118
2094402193,1202,1,118
3966310144,1009,1,118
3966310144,1912,1,118
2490877331,1901,1,118
2490877331,1911,1,118
226399273,1702,1,118
226399273,1014,1,118
2054792383,1901,1,118
2054792383,1006,1,118
3827118364,2201,1,118
3827118364,1110,1,118
2467955082,1303,1,118
2467955082,1601,1,118
169037872,1010,1,118
169037872,1907,1,118
2098487462,1913,1,118
2098487462,1107,1,118
3987438903,2401,1,118
3987438903,1011,1,118
2436420374,2201,1,118
2436420374,1904,1,118
137462444,1201,1,118
137462444,1112,1,118
2134291002,1101,1,118
2134291002,2301,1,118
3780257689,1007,1,118
3780257689,1915,1,118
2522158863,1915,1,118
2522158863,1913,1,118
257705653,1203,1,118
257705653,1106,1,118
2019259939,1104,1,118
2019259939,1202,1,118
3907283890,1905,1,118
3907283890,1305,1,118
2432350497,1004,1,118
2432350497,1204,1,118
166979739,1912,1,118
166979739,1001,1,118
2129975309,1103,1,118
2129975309,2201,1,118
3767553454,1702,1,118
3767553454,1913,1,118
2543287608,1912,1,118
2543287608,1205,1,118
245247106,1002,1,118
245247106,1901,1,118
2040077332,1906,1,118
2040077332,1111,1,118
3911582085,1003,1,118
3911582085,1302,1,118
2474536271,1008,1,118
2474536271,1005,1,118
175586549,1012,1,118
175586549,1401,1,118
2104495203,1109,1,118
2104495203,2201,1,118
3809778112,1703,1,118
3809778112,2101,1,118
2484316502,1126,1,118
2484316502,1905,1,118
219871468,1203,1,118
219871468,1005,1,118
2048772218,1915,1,118
2048772218,1702,1,118
3936540139,1102,1,118
3936540139,1912,1,118
2581610565,1202,1,118
2581610565,2301,1,118
15274495,1012,1,118
15274495,1126,1,118
2012094825,1007,1,118
2012094825,1110,1,118
3918181578,1602,1,118
3918181578,1301,1,118
2660074588,2101,1,118
2660074588,1204,1,118
126146022,1205,1,118
126146022,1101,1,118
1887692144,2201,1,118
1887692144,1107,1,118
3762092257,1106,1,118
3762092257,1912,1,118
2223297572,1303,1,118
2223297572,1203,1,118
495814046,1204,1,118
495814046,1010,1,118
1787475208,1104,1,118
1787475208,1906,1,118
4109246635,1906,1,118
4109246635,1912,1,118
2213089341,1913,1,118
2213089341,1112,1,118
450904455,1912,1,118
450904455,1111,1,118
1843884305,1915,1,118
1843884305,1004,1,118
4250430592,1109,1,118
4250430592,1912,1,118
275374449,1003,1,118
275374449,1702,1,118
2304815307,1903,1,118
2304815307,1912,1,118
4268195933,1401,1,118
4268195933,1911,1,118
1610814974,1911,1,118
1610814974,1302,1,118
386147688,2301,1,118
386147688,1201,1,118
2383246546,1011,1,118
2383246546,2401,1,118
4178199620,1901,1,118
4178199620,1006,1,118
1773492693,1920,1,118
1773492693,1601,1,118
296454982,1915,1,118
296454982,2201,1,118
2292374268,1918,1,118
2292374268,1912,1,118
4289063530,1103,1,118
4289063530,1002,1,118
1640071113,1008,1,118
1640071113,1108,1,118
382095199,1014,1,118
382095199,1703,1,118
2412715749,1913,1,118
2412715749,1001,1,118
4173868659,1009,1,118
4173868659,1126,1,118
1752642530,1003,1,118
1752642530,1008,1,118
350526915,1201,1,118
350526915,1703,1,118
2381171833,1304,1,118
2381171833,1205,1,118
4209704175,1303,1,118
4209704175,1602,1,118
1687054668,1107,1,118
1687054668,1915,1,118
327768538,1205,1,118
327768538,1102,1,118
2323646560,1601,1,118
2323646560,1103,1,118
4253497590,1007,1,118
4253497590,1901,1,118
1832396135,1204,1,118
1832396135,1912,1,118
354875380,1005,1,118
354875380,1920,1,118
2351933006,1001,1,118
2351933006,1920,1,118
4213741272,1006,1,118
4213741272,1112,1,118
1699480443,1912,1,118
1699480443,1918,1,118
306918381,1106,1,118
306918381,1110,1,118
2336383575,1104,1,118
2336383575,1302,1,118
4232401601,2101,1,118
4232401601,1305,1,118
1828343632,1911,1,118
1828343632,1401,1,118
392186285,2401,1,118
392186285,1903,1,118
2389252119,1002,1,118
2389252119,1014,1,118
4184746113,1915,1,118
4184746113,1005,1,118
1728757026,1111,1,118
1728757026,1912,1,118
269323700,1702,1,118
269323700,1012,1,118
2298797070,1010,1,118
2298797070,1901,1,118
4261670040,2301,1,118
4261670040,1109,1,118
1857876233,1203,1,118
1857876233,1912,1,118
379724698,1108,1,118
379724698,1702,1,118
2410377760,1920,1,118
2410377760,1004,1,118
4172038838,1011,1,118
4172038838,1105,1,118
1724438293,1911,1,118
1724438293,1901,1,118
298837891,2201,1,118
298837891,1014,1,118
2294724153,1915,1,118
2294724153,1101,1,118
4290873007,1202,1,118
4290873007,1903,1,118
1870568254,1903,1,118
1870568254,1009,1,118
503211175,1103,1,118
503211175,1702,1,118
2230793501,1201,1,118
2230793501,1911,1,118
4092593547,1008,1,118
4092593547,1202,1,118
1838452776,1602,1,118
1838452776,1912,1,118
445882558,1901,1,118
445882558,1005,1,118
2207969540,1401,1,118
2207969540,1106,1,118
4103979410,1107,1,118
4103979410,1126,1,118
1680006147,1703,1,118
1680006147,2201,1,118
473697936,1915,1,118
473697936,1104,1,118
2234867498,1112,1,118
2234867498,1101,1,118
4063391676,1203,1,118
4063391676,1003,1,118
1817639455,2301,1,118
1817639455,1007,1,118
458345097,1002,1,118
458345097,1110,1,118
2186844979,1915,1,118
2186844979,1111,1,118
4116687781,1905,1,118
4116687781,1201,1,118
1709225524,1105,1,118
1709225524,1905,1,118
2874233466,1006,1,118
2874233466,1904,1,118
844628928,1009,1,118
844628928,1912,1,118
1163866966,1903,1,118
1163866966,1001,1,118
3678119669,1903,1,118
3678119669,1012,1,118
2889651811,1109,1,118
2889651811,1014,1,118
892717017,1702,1,118
892717017,1912,1,118
1110636367,1302,1,118
1110636367,1010,1,118
3532516062,2101,1,118
3532516062,1304,1,118
2861774925,1904,1,118
2861774925,1912,1,118
865757687,1912,1,118
865757687,1904,1,118
1151162721,1102,1,118
1151162721,1920,1,118
3673803970,1205,1,118
3673803970,1920,1,118
2919169108,1004,1,118
2919169108,2401,1,118
888647150,1305,1,118
888647150,1901,1,118
1139842424,1204,1,118
1139842424,1301,1,118
3545202921,2301,1,118
3545202921,1108,1,118
2836917283,1601,1,118
2836917283,1918,1,118
807320985,1011,1,118
807320985,1008,1,118
1192856847,2301,1,118
1192856847,1901,1,118
3648854188,1901,1,118
3648854188,1009,1,118
2927241274,2201,1,118
2927241274,1103,1,118
930314624,2201,1,118
930314624,1003,1,118
1081362710,1906,1,118
1081362710,1105,1,118
3502986375,1912,1,118
3502986375,2201,1,118
2891512486,1202,1,118
2891512486,1205,1,118
894544668,1112,1,118
894544668,1005,1,118
1112972170,2201,1,118
1112972170,1104,1,118
3694267945,1401,1,118
3694267945,1302,1,118
2872393407,1012,1,118
2872393407,1915,1,118
842821381,1014,1,118
842821381,1702,1,118
1161518995,1915,1,118
1161518995,1201,1,118
3582214658,1004,1,118
3582214658,2301,1,118
2912587921,2401,1,118
2912587921,1915,1,118
882098475,1011,1,118
882098475,1915,1,118
1133834685,1912,1,118
1133834685,1901,1,118
3723519006,1106,1,118
3723519006,1915,1,118
2868335752,1602,1,118
2868335752,2101,1,118
872285490,1303,1,118
872285490,1912,1,118
1157182884,1001,1,118
1157182884,1203,1,118
3561367605,1915,1,118
3561367605,1110,1,118
2921219327,1903,1,118
2921219327,1107,1,118
924259653,1703,1,118
924259653,1006,1,118
1074800083,1202,1,118
1074800083,1702,1,118
3732189296,1204,1,118
3732189296,1101,1,118
2842919142,1907,1,118
2842919142,1301,1,118
813355356,1304,1,118
813355356,1912,1,118
1199432138,1010,1,118
1199432138,1111,1,118
3619880027,1126,1,118
3619880027,1007,1,118
2772566978,1911,1,118
2772566978,1601,1,118
1011569272,1002,1,118
1011569272,1911,1,118
1263297262,1109,1,118
1263297262,1912,1,118
3576231757,1126,1,118
3576231757,1001,1,118
2721040347,1304,1,118
2721040347,1901,1,118
992384609,1912,1,118
992384609,2201,1,118
1277273847,1906,1,118
1277273847,1912,1,118
3701390182,1912,1,118
3701390182,1106,1,118
2759879157,1109,1,118
2759879157,1912,1,118
1032403023,1003,1,118
1032403023,2301,1,118
1250822361,1901,1,118
1250822361,2301,1,118
3572145530,1901,1,118
3572145530,1203,1,118
2750262764,1111,1,118
2750262764,1907,1,118
988085334,1703,1,118
988085334,1010,1,118
1306774720,1906,1,118
1306774720,1912,1,118
3713847633,1112,1,118
3713847633,1301,1,118
3118792084,1915,1,118
3118792084,1912,1,118
552447022,1008,1,118
552447022,2101,1,118
1474993336,1702,1,118
1474993336,1007,1,118
3381528859,2301,1,118
3381528859,1913,1,118
3196664205,1103,1,118
3196664205,1204,1,118
662726711,1602,1,118
662726711,1009,1,118
1351047329,1011,1,118
1351047329,1202,1,118
3224913200,1005,1,118
3224913200,1101,1,118
3126864378,1002,1,118
3126864378,1012,1,118
594114624,2101,1,118
594114624,1108,1,118
1416513750,1201,1,118
1416513750,2101,1,118
3389709685,2401,1,118
3389709685,1911,1,118
3171806691,1903,1,118
3171806691,1014,1,118
604290137,1912,1,118
604290137,1303,1,118
1392741583,1104,1,118
1392741583,1601,1,118
3283915102,1006,1,118
3283915102,1912,1,118
3203224904,2201,1,118
3203224904,1201,1,118
669254898,1401,1,118
669254898,1918,1,118
1357067364,1205,1,118
1357067364,1702,1,118
3464995271,1305,1,118
3464995271,2201,1,118
3112210769,1203,1,118
3112210769,1205,1,118
545898731,1901,1,118
545898731,1203,1,118
1468985469,1915,1,118
1468985469,1602,1,118
3341938156,1702,1,118
3341938156,1112,1,118
3207544703,1912,1,118
3207544703,2201,1,118
640052933,2101,1,118
640052933,1912,1,118
1361141331,1901,1,118
1361141331,1205,1,118
3477457904,1301,1,118
3477457904,1703,1,118
3091397478,1907,1,118
3091397478,1601,1,118
558607068,1907,1,118
558607068,2201,1,118
1447860810,1201,1,118
1447860810,1915,1,118
3337848795,1107,1,118
3337848795,1401,1,118
3177808166,1906,1,118
3177808166,1202,1,118
610324636,1401,1,118
610324636,1204,1,118
1399316490,1912,1,118
1399316490,2401,1,118
3439556009,2101,1,118
3439556009,1109,1,118
3120842047,1108,1,118
3120842047,1915,1,118
588059781,1005,1,118
588059781,1302,1,118
1409950739,1602,1,118
1409950739,1901,1,118
3300211074,1401,1,118
3300211074,1915,1,118
3592769701,1204,1,118
3592769701,1903,1,118
1328283935,1903,1,118
1328283935,1105,1,118
942354825,1010,1,118
942354825,1911,1,118
2790237226,1702,1,118
2790237226,1009,1,118
3511194812,2301,1,118
3511194812,1003,1,118
1212269830,1104,1,118
1212269830,1101,1,118
1061614992,2201,1,118
1061614992,1004,1,118
2952390657,1303,1,118
2952390657,1702,1,118
3534236695,1904,1,118
3534236695,1014,1,118
1268874669,1602,1,118
1268874669,2301,1,118
1017531707,1912,1,118
1017531707,1007,1,118
2730678424,1912,1,118
2730678424,1008,1,118
3586517006,1912,1,118
3586517006,1205,1,118
1288485300,1912,1,118
1288485300,2201,1,118
1003194658,1401,1,118
1003194658,1911,1,118
2876544179,1911,1,118
2876544179,1105,1,118
3546957344,1904,1,118
3546957344,2201,1,118
1248008090,1904,1,118
1248008090,1104,1,118
1029973772,1915,1,118
1029973772,1010,1,118
2734731951,1915,1,118
2734731951,1008,1,118
3557261881,2101,1,118
3557261881,2201,1,118
1292817283,1109,1,118
1292817283,1912,1,118
973726485,1204,1,118
973726485,1303,1,118
2864119428,1108,1,118
2864119428,1302,1,118
3509385337,1126,1,118
3509385337,1009,1,118
1210427843,1702,1,118
1210427843,1918,1,118
1059232085,1001,1,118
1059232085,1102,1,118
2705722614,1205,1,118
2705722614,1011,1,118
3594599520,1911,1,118
3594599520,1201,1,118
1330146778,1911,1,118
1330146778,1901,1,118
944725324,1304,1,118
944725324,1601,1,118
2834317533,1907,1,118
2834317533,1107,1,118
3505295950,1702,1,118
3505295950,1006,1,118
1239925748,1004,1,118
1239925748,1014,1,118
1054929762,1915,1,118
1054929762,1918,1,118
2693031617,1012,1,118
2693031617,1702,1,118
3615708759,1915,1,118
3615708759,1111,1,118
1317668845,1202,1,118
1317668845,1912,1,118
965556091,1201,1,118
965556091,1702,1,118
2838637290,1002,1,118
2838637290,1305,1,118
3664822084,1602,1,118
3664822084,2301,1,118
1132064510,1106,1,118
1132064510,1918,1,118
880729704,1901,1,118
880729704,1003,1,118
2853850059,1110,1,118
2853850059,1007,1,118
3709696861,1112,1,118
3709696861,1101,1,118
1142172391,1005,1,118
1142172391,1103,1,118
856889969,1906,1,118
856889969,1203,1,118
2745960416,2401,1,118
2745960416,1912,1,118
1830675374,1012,1,118
1830675374,2301,1,118
4094997012,1912,1,118
4094997012,2401,1,118
2199093890,1011,1,118
2199093890,1205,1,118
494343969,1303,1,118
494343969,1107,1,118
1785735095,1302,1,118
1785735095,1702,1,118
4084823565,1912,1,118
4084823565,1201,1,118
2222868123,1602,1,118
2222868123,1105,1,118
348216074,2301,1,118
348216074,1912,1,118
1826589081,2201,1,118
1826589081,1109,1,118
4124497955,1912,1,118
4124497955,1903,1,118
2194794677,1918,1,118
2194794677,1203,1,118
481656086,1204,1,118
481656086,2101,1,118
1806847360,1106,1,118
1806847360,1009,1,118
4072348730,1005,1,118
4072348730,1915,1,118
2243701932,1912,1,118
2243701932,1915,1,118
352530749,1915,1,118
352530749,1103,1,118
1855535040,1004,1,118
1855535040,1002,1,118
4153435770,1111,1,118
4153435770,2201,1,118
2157401836,1901,1,118
2157401836,1915,1,118
519291727,1007,1,118
519291727,2101,1,118
1777660889,1014,1,118
1777660889,1006,1,118
4043154019,1702,1,118
4043154019,1104,1,118
2281345781,1001,1,118
2281345781,1003,1,118
390434660,1202,1,118
390434660,1401,1,118
1868258807,1911,1,118
1868258807,1008,1,118
4132572237,1112,1,118
4132572237,1911,1,118
2169847003,1912,1,118
2169847003,1202,1,118
523348344,1912,1,118
523348344,1915,1,118
1748408814,1912,1,118
1748408814,2201,1,118
4047489108,1126,1,118
4047489108,1906,1,118
2251880642,1101,1,118
2251880642,1601,1,118
378004819,1702,1,118
378004819,1010,1,118
1779714930,1301,1,118
1779714930,1304,1,118
4078770888,1401,1,118
4078770888,1915,1,118
2216307294,1105,1,118
2216307294,1107,1,118
444514301,1912,1,118
444514301,1702,1,118
1836683115,1106,1,118
1836683115,2201,1,118
4101037777,1002,1,118
4101037777,1903,1,118
2205675079,1915,1,118
2205675079,1702,1,118
331936726,1901,1,118
331936726,1305,1,118
1771085596,1126,1,118
1771085596,1301,1,118
4036611750,1901,1,118
4036611750,1003,1,118
2275343920,1303,1,118
2275343920,1003,1,118
435841939,1101,1,118
435841939,1014,1,118
1862097669,2301,1,118
1862097669,1001,1,118
4159965887,1913,1,118
4159965887,1915,1,118
2163423785,1007,1,118
2163423785,1304,1,118
273426360,1205,1,118
273426360,1905,1,118
1750267179,1201,1,118
1750267179,1012,1,118
4049314961,1601,1,118
4049314961,1915,1,118
2254214151,1108,1,118
2254214151,1202,1,118
406323620,1913,1,118
406323620,1011,1,118
1866412338,1912,1,118
1866412338,1004,1,118
4130758792,2401,1,118
4130758792,1008,1,118
2167492638,1918,1,118
2167492638,1203,1,118
294538639,1111,1,118
294538639,2101,1,118
1657591841,2201,1,118
1657591841,2401,1,118
4224027035,1915,1,118
4224027035,1401,1,118
2361571597,1602,1,118
2361571597,2301,1,118
312880302,2401,1,118
312880302,2201,1,118
1705057336,1703,1,118
1705057336,1913,1,118
4238888322,1401,1,118
4238888322,1602,1,118
2343533844,1912,1,118
2343533844,1915,1,118
454058117,2201,1,118
454058117,1915,1,118
2141736000,1401,1,118
2141736000,1703,1,118
3869318650,1912,1,118
3869318650,1702,1,118
2443586924,2201,1,118
2443586924,2401,1,118
264419535,1602,1,118
264419535,1401,1,118
2026211417,1702,1,118
2026211417,1602,1,118
3788298723,1903,1,118
3788298723,1912,1,118
2529945973,1401,1,118
2529945973,1915,1,118
108328164,1915,1,118
108328164,2201,1,118
2120885879,1915,1,118
2120885879,1602,1,118
3882055629,1912,1,118
3882055629,2401,1,118
2422490971,2201,1,118
2422490971,1703,1,118
234935032,1913,1,118
234935032,2301,1,118
2030559854,2201,1,118
2030559854,1915,1,118
3759059924,2401,1,118
3759059924,2201,1,118
2533983042,1703,1,118
2533983042,1912,1,118
129408723,1602,1,118
129408723,1401,1,118
3947198741,1903,1,118
3947198741,2201,1,118
1917593775,1305,1,118
1917593775,1126,1,118
88807481,1301,1,118
88807481,1010,1,118
2603584922,1112,1,118
2603584922,1911,1,118
3962092812,1103,1,118
3962092812,1005,1,118
1965157558,1110,1,118
1965157558,1601,1,118
36101152,1912,1,118
36101152,1205,1,118
2459550129,1903,1,118
2459550129,1304,1,118
3934720802,1007,1,118
3934720802,1303,1,118
1938703000,1108,1,118
1938703000,1201,1,118
76116494,1912,1,118
76116494,1203,1,118
2599282605,1014,1,118
2599282605,1001,1,118
3991590715,1105,1,118
3991590715,1901,1,118
1961068161,1107,1,118
1961068161,1004,1,118
65320471,1102,1,118
65320471,1602,1,118
2472258438,1006,1,118
2472258438,2101,1,118
4022863271,1008,1,118
4022863271,1602,1,118
1992381469,1904,1,118
1992381469,1302,1,118
29779083,2401,1,118
29779083,1903,1,118
2678255912,1401,1,118
2678255912,1106,1,118
3903177150,1912,1,118
3903177150,1915,1,118
1907134468,1204,1,118
1907134468,1703,1,118
111911058,1911,1,118
111911058,1901,1,118
2517941507,1305,1,118
2517941507,1008,1,118
3993661328,1001,1,118
3993661328,1904,1,118
1996701226,1106,1,118
1996701226,1105,1,118
265916,1009,1,118
265916,1109,1,118
2657131295,1915,1,118
2657131295,1003,1,118
3915885449,1111,1,118
3915885449,1602,1,118
1886321203,1012,1,118
1886321203,1010,1,118
124373669,2201,1,118
124373669,1007,1,118
2547439412,1703,1,118
2547439412,1915,1,118
3964457417,1014,1,118
3964457417,1203,1,118
1967489139,1126,1,118
1967489139,1102,1,118
37925093,2301,1,118
37925093,1918,1,118
2619745606,1006,1,118
2619745606,1915,1,118
3944814032,1911,1,118
3944814032,1002,1,118
1915241578,1205,1,118
1915241578,1107,1,118
86996220,1104,1,118
86996220,1703,1,118
2509269357,2201,1,118
2509269357,1204,1,118
3872586947,1903,1,118
3872586947,1305,1,118
2145103225,2201,1,118
2145103225,1904,1,118
148676079,2101,1,118
148676079,1601,1,118
2528643148,2401,1,118
2528643148,1101,1,118
3787405530,1110,1,118
3787405530,1602,1,118
2025220448,1202,1,118
2025220448,1303,1,118
263281142,1915,1,118
263281142,1108,1,118
2668512359,1401,1,118
2668512359,1004,1,118
1350421022,1006,1,118
1350421022,1703,1,118
3379862436,1301,1,118
3379862436,1105,1,118
3195251506,1104,1,118
3195251506,1010,1,118
538394257,1101,1,118
538394257,1906,1,118
1460669959,1110,1,118
1460669959,1912,1,118
3457769405,1108,1,118
3457769405,1014,1,118
3105779499,1106,1,118
3105779499,1703,1,118
698446522,1004,1,118
698446522,1126,1,118
1371512873,1918,1,118
1371512873,1602,1,118
3367432595,1302,1,118
3367432595,1915,1,118
3216097541,1201,1,118
3216097541,2301,1,118
567628966,1901,1,118
567628966,1011,1,118
1456628784,1915,1,118
1456628784,1912,1,118
3487249802,1107,1,118
3487249802,1204,1,118
3101426972,1202,1,118
3101426972,1401,1,118
677582989,1109,1,118
677582989,1005,1,118
1408835184,1001,1,118
1408835184,1912,1,118
3404746698,1002,1,118
3404746698,1303,1,118
3187113820,2201,1,118
3187113820,1003,1,118
596896511,1920,1,118
596896511,1203,1,118
1419041385,1203,1,118
1419041385,1915,1,118
3449654227,1102,1,118
3449654227,1103,1,118
3130702661,1912,1,118
3130702661,1304,1,118
707110612,1915,1,118
707110612,2101,1,118
1467245250,1602,1,118
1467245250,1911,1,118
3464311672,1111,1,118
3464311672,1007,1,118
3111781358,1012,1,118
3111781358,1008,1,118
656315981,1912,1,118
656315981,2401,1,118
1343858395,1915,1,118
1343858395,1014,1,118
3373332321,1104,1,118
3373332321,1103,1,118
3189229559,1911,1,118
3189229559,1012,1,118
782817894,1202,1,118
782817894,1001,1,118
1425061548,2201,1,118
1425061548,2401,1,118
3455706902,1912,1,118
3455706902,1915,1,118
3137263488,1401,1,118
3137263488,1703,1,118
614089251,1913,1,118
614089251,1912,1,118
1402827445,2301,1,118
1402827445,1906,1,118
3398705935,1912,1,118
3398705935,1601,1,118
3180532633,1915,1,118
3180532633,2401,1,118
757861896,1915,1,118
757861896,1703,1,118
1429396635,2201,1,118
1429396635,1601,1,118
3426454817,1703,1,118
3426454817,1401,1,118
3141320119,1911,1,118
3141320119,1602,1,118
626534420,1401,1,118
626534420,1911,1,118
1381963906,2301,1,118
1381963906,1906,1,118
3411429688,1602,1,118
3411429688,1906,1,118
3159456174,2301,1,118
3159456174,1915,1,118
753820735,1915,1,118
753820735,2401,1,118
1584307110,1912,1,118
1584307110,1703,1,118
3345467932,1912,1,118
3345467932,2301,1,118
2959145610,1905,1,118
2959145610,1401,1,118
772042537,1905,1,118
772042537,1601,1,118
1493393343,1915,1,118
1493393343,1703,1,118
3221884421,1912,1,118
3221884421,2301,1,118
3071098515,1401,1,118
3071098515,1912,1,118
665985794,1915,1,118
665985794,2201,1,118
1605169553,1401,1,118
1605169553,1911,1,118
3332743211,1602,1,118
3332743211,1703,1,118
2980221117,1912,1,118
2980221117,2201,1,118
801506590,1903,1,118
801506590,2301,1,118
1489057160,1401,1,118
1489057160,1602,1,118
3251135538,1905,1,118
3251135538,1703,1,118
3067040932,2201,1,118
3067040932,2401,1,118
644892981,1602,1,118
644892981,1912,1,118
2900689861,1109,1,118
2900689861,1903,1,118
904680063,1305,1,118
904680063,1008,1,118
1122722537,1011,1,118
1122722537,2301,1,118
3700422474,1202,1,118
3700422474,2201,1,118
2877867996,1907,1,118
2877867996,1303,1,118
847353446,1401,1,118
847353446,1304,1,118
1166452464,1007,1,118
1166452464,1905,1,118
3577330529,1912,1,118
3577330529,1012,1,118
2905041394,1204,1,118
2905041394,1110,1,118
875444296,1904,1,118
875444296,1101,1,118
1126762718,1912,1,118
1126762718,1107,1,118
3712851325,1002,1,118
3712851325,1912,1,118
2857020907,1110,1,118
2857020907,1920,1,118
860093521,1304,1,118
860093521,1002,1,118
1145359559,1904,1,118
1145359559,1010,1,118
3573272918,1101,1,118
3573272918,1601,1,118
2825420663,1904,1,118
2825420663,1111,1,118
828452557,1904,1,118
828452557,1112,1,118
1181097563,1205,1,118
1181097563,1011,1,118
3624045560,1112,1,118
3624045560,1104,1,118
2936388462,2201,1,118
2936388462,1401,1,118
906816212,2101,1,118
906816212,1913,1,118
1091295810,1912,1,118
1091295810,1007,1,118
3518285779,1915,1,118
3518285779,1602,1,118
2884414233,1301,1,118
2884414233,1918,1,118
853932707,1601,1,118
853932707,1918,1,118
1172490805,1004,1,118
1172490805,1202,1,118
3683016598,1108,1,118
3683016598,1102,1,118
2894163712,1106,1,118
2894163712,1108,1,118
898121402,1001,1,118
898121402,1906,1,118
1116671532,1915,1,118
1116671532,1301,1,118
3526366141,1014,1,118
3526366141,1912,1,118
2855190830,1104,1,118
2855190830,1014,1,118
858230932,1008,1,118
858230932,1103,1,118
1142988802,1111,1,118
1142988802,1912,1,118
3661903265,1004,1,118
3661903265,2401,1,118
2906850615,1126,1,118
2906850615,1009,1,118
877286541,1006,1,118
877286541,1302,1,118
1129145371,1903,1,118
1129145371,1126,1,118
3555883402,1903,1,118
3555883402,1004,1,118
2695949348,1920,1,118
2695949348,1010,1,118
968474014,1005,1,118
968474014,1920,1,118
1321110792,1008,1,118
1321110792,1901,1,118
3503954091,1009,1,118
3503954091,1001,1,118
2816288829,1107,1,118
2816288829,1105,1,118
1054112135,1203,1,118
1054112135,1906,1,118
1238583569,1105,1,118
1238583569,1907,1,118
3647755392,1003,1,118
3647755392,1109,1,118
400404686,1915,1,118
400404686,1112,1,118
2396316020,1302,1,118
2396316020,1915,1,118
4191408610,1012,1,118
4191408610,1204,1,118
1740063809,2301,1,118
1740063809,1305,1,118
279999703,1303,1,118
279999703,2101,1,118
2310612333,1201,1,118
2310612333,1006,1,118
4273870331,1602,1,118
4273870331,1005,1,118
1845561450,2401,1,118
1845561450,1003,1,118
371186425,1205,1,118
371186425,1912,1,118
2400619331,1110,1,118
2400619331,1912,1,118
4161911765,1915,1,118
4161911765,1203,1,118
1718955638,1102,1,118
1718955638,1205,1,118
292691680,1103,1,118
292691680,1201,1,118
2289782618,1302,1,118
2289782618,1106,1,118
4286349260,1101,1,118
4286349260,1915,1,118
1875075677,1301,1,118
1875075677,1002,1,118
341402784,1101,1,118
341402784,1901,1,118
2370843930,1905,1,118
2370843930,1912,1,118
4200007052,1109,1,118
4200007052,1912,1,118
1681100847,1915,1,118
1681100847,1401,1,118
322216121,1009,1,118
322216121,1918,1,118
2319315203,1010,1,118
2319315203,1111,1,118
4248486293,1102,1,118
4248486293,1107,1,118
1837489156,1912,1,118
1837489156,1301,1,118
362483351,2201,1,118
362483351,1012,1,118
2358402861,1204,1,118
2358402861,1203,1,118
4220874683,1912,1,118
4220874683,1106,1,118
1710357016,1913,1,118
1710357016,1014,1,118
318163598,1304,1,118
318163598,1912,1,118
2348784436,1915,1,118
2348784436,1201,1,118
4244155298,1915,1,118
4244155298,1112,1,118
1816639027,1912,1,118
1816639027,1007,1,118
324062332,2401,1,118
324062332,2301,1,118
2321128902,1401,1,118
2321128902,1901,1,118
4250840400,2401,1,118
4250840400,1911,1,118
1664760051,1602,1,118
1664760051,1601,1,118
339544165,1401,1,118
339544165,1906,1,118
2369018335,2301,1,118
2369018335,1901,1,118
4197673289,1601,1,118
4197673289,1915,1,118
1787589848,1602,1,118
1787589848,2401,1,118
311600715,1012,1,118
311600715,1003,1,118
2342254577,1912,1,118
2342254577,1006,1,118
4238133095,1014,1,118
4238133095,1920,1,118
1660441284,2301,1,118
1660441284,1009,1,118
369058386,1912,1,118
369058386,1126,1,118
2364945384,1003,1,118
2364945384,1005,1,118
4226876286,1912,1,118
4226876286,1901,1,118
1800281839,1602,1,118
1800281839,1915,1,118
432988534,1108,1,118
432988534,1304,1,118
2160570572,1003,1,118
2160570572,1912,1,118
4156588122,1007,1,118
4156588122,2301,1,118
1772361209,1005,1,118
1772361209,1303,1,118
514008431,1905,1,118
514008431,2201,1,118
2276095189,1001,1,118
2276095189,1912,1,118
4037887043,1105,1,118
4037887043,1108,1,118
1611815378,1126,1,118
1611815378,1915,1,118
403475265,1911,1,118
403475265,2401,1,118
2164644603,1002,1,118
2164644603,1110,1,118
4127386221,1008,1,118
4127386221,1011,1,118
1751547854,1104,1,118
1751547854,1001,1,118
526471000,2101,1,118
526471000,1305,1,118
2254970594,1107,1,118
2254970594,2101,1,118
4050595444,1004,1,118
4050595444,1204,1,118
1641034725,1912,1,118
1641034725,1602,1,118
90709792,1103,1,118
90709792,1912,1,118
2623622810,1305,1,118
2623622810,2101,1,118
3949362700,1111,1,118
3949362700,1103,1,118
1963125679,1912,1,118
1963125679,1903,1,118
33938233,1201,1,118
33938233,1915,1,118
2601290371,1203,1,118
2601290371,2101,1,118
3960191509,1011,1,118
3960191509,1102,1,118
2092214148,1912,1,118
2092214148,1105,1,118
78279959,1601,1,118
78279959,1920,1,118
2644714669,2401,1,118
2644714669,2301,1,118
3936621627,1911,1,118
3936621627,2301,1,118
1958773144,1901,1,118
1958773144,1401,1,118
63418638,1906,1,118
63418638,1901,1,118
2597249204,1907,1,118
2597249204,2401,1,118
3989426210,1602,1,118
3989426210,1915,1,118
2104937907,1901,1,118
2104937907,1401,1,118
2441423477,1205,1,118
2441423477,1011,1,118
143424463,1904,1,118
143424463,1008,1,118
2139835225,1904,1,118
2139835225,1002,1,118
3790593786,1004,1,118
3790593786,1912,1,118
2531847788,1912,1,118
2531847788,2101,1,118
266452950,2201,1,118
266452950,1915,1,118
2028375872,1906,1,118
2028375872,1912,1,118
3898184401,1014,1,118
3898184401,1303,1,118
2420588610,1904,1,118
2420588610,1014,1,118
156111352,1401,1,118
156111352,1005,1,118
2118721902,1915,1,118
2118721902,1006,1,118
3761091789,1004,1,118
3761091789,1912,1,118
2536146011,1009,1,118
2536146011,1301,1,118
237229537,1913,1,118
237229537,1201,1,118
2032461175,1915,1,118
2032461175,1912,1,118
3919313126,1003,1,118
3919313126,1203,1,118
2496281840,1904,1,118
2496281840,1010,1,118
230911306,1008,1,118
230911306,1202,1,118
2059689436,1203,1,118
2059689436,1001,1,118
3835742335,1915,1,118
3835742335,1302,1,118
2477258985,1012,1,118
2477258985,1401,1,118
179218771,1002,1,118
179218771,1304,1,118
2108266949,1009,1,118
2108266949,1201,1,118
3977675860,1901,1,118
3977675860,1010,1,118
2525790889,1601,1,118
2525790889,1005,1,118
260428563,1205,1,118
260428563,1012,1,118
2021843845,1304,1,118
2021843845,1001,1,118
3873863206,1915,1,118
3873863206,1007,1,118
2447460016,1602,1,118
2447460016,1305,1,118
149427978,2401,1,118
149427978,1920,1,118
2146379676,1204,1,118
2146379676,1111,1,118
4015012365,2301,1,118
4015012365,1912,1,118
2538530974,1003,1,118
2538530974,1203,1,118
239581476,1004,1,118
239581476,1305,1,118
2034272690,1014,1,118
2034272690,1913,1,118
3877903377,1915,1,118
3877903377,1009,1,118
2418224263,1602,1,118
2418224263,1012,1,118
153779517,1906,1,118
153779517,1005,1,118
2116898219,1202,1,118
2116898219,1008,1,118
4002566202,1003,1,118
4002566202,1201,1,118
2618470307,1301,1,118
2618470307,1006,1,118
85720601,1912,1,118
85720601,1007,1,118
1914490511,1302,1,118
1914490511,1008,1,118
3967310636,1906,1,118
3967310636,1912,1,118
2608819130,1602,1,118
2608819130,1202,1,118
41302528,1901,1,118
41302528,1011,1,118
1970342550,1920,1,118
1970342550,1912,1,118
3855488775,1401,1,118
3855488775,2401,1,118
2647704980,1303,1,118
2647704980,1001,1,118
81368110,2301,1,118
81368110,1010,1,118
1943971000,1002,1,118
1943971000,1912,1,118
3988402459,1002,1,118
3988402459,1918,1,118
2596077965,1205,1,118
2596077965,1602,1,118
62148663,1014,1,118
62148663,1303,1,118
1957912737,1304,1,118
1957912737,1906,1,118
3826023728,1010,1,118
3826023728,1912,1,118
717068670,2101,1,118
717068670,1005,1,118
3014969540,1920,1,118
3014969540,2401,1,118
3300128850,1901,1,118
3300128850,1204,1,118
1524067825,1007,1,118
1524067825,1202,1,118
768630119,1915,1,118
768630119,1305,1,118
3034123485,1912,1,118
3034123485,1901,1,118
3286121547,1301,1,118
3286121547,1401,1,118
1398874586,1906,1,118
1398874586,1907,1,118
691621136,1005,1,118
691621136,1401,1,118
2955943082,1204,1,118
2955943082,1008,1,118
3342281788,1905,1,118
3342281788,2201,1,118
1498659231,1001,1,118
1498659231,1302,1,118
777292041,2301,1,118
777292041,1304,1,118
3076380851,1203,1,118
3076380851,1006,1,118
3227183141,1911,1,118
3227183141,1014,1,118
1357247924,1912,1,118
1357247924,1602,1,118
687548199,1004,1,118
687548199,1205,1,118
2985457309,1601,1,118
2985457309,1014,1,118
3337963019,1012,1,118
3337963019,1203,1,118
1485951912,1004,1,118
1485951912,1918,1,118
798417726,1005,1,118
798417726,1906,1,118
3063919236,1011,1,118
3063919236,1602,1,118
3247997458,1905,1,118
3247997458,1303,1,118
1361551235,2101,1,118
1361551235,1912,1,118
766783906,1903,1,118
766783906,1012,1,118
3032309784,1003,1,118
3032309784,1302,1,118
3283767438,1201,1,118
3283767438,1008,1,118
1574880557,1903,1,118
1574880557,1010,1,118
718927291,1911,1,118
718927291,1912,1,118
3016795137,1911,1,118
3016795137,1003,1,118
3302462615,2401,1,118
3302462615,1007,1,118
1416136966,1912,1,118
1416136966,1202,1,118
745954197,1007,1,118
745954197,1907,1,118
3045001775,1010,1,118
3045001775,1912,1,118
3262659257,1009,1,118
3262659257,1901,1,118
1545383706,1002,1,118
1545383706,1901,1,118
723230604,1006,1,118
723230604,1903,1,118
2987576886,1904,1,118
2987576886,1014,1,118
3306552992,1007,1,118
3306552992,2401,1,118
1437262641,1202,1,118
1437262641,2101,1,118
804425723,1602,1,118
804425723,2301,1,118
3069959745,1913,1,118
3069959745,1915,1,118
3254578903,1915,1,118
3254578903,1602,1,118
1603828596,2301,1,118
1603828596,1915,1,118
681528290,1911,1,118
681528290,1601,1,118
2979404376,2301,1,118
2979404376,1901,1,118
3331402446,1602,1,118
3331402446,1915,1,118
1445869407,1901,1,118
1445869407,1401,1,118
615434438,1602,1,118
615434438,1918,1,118
3181877628,1401,1,118
3181877628,1918,1,118
3399526890,2401,1,118
3399526890,1401,1,118
1422146633,1901,1,118
1422146633,1602,1,118
599985375,1905,1,118
599985375,1901,1,118
3133824357,1602,1,118
3133824357,2401,1,118
3452792307,1401,1,118
3452792307,1907,1,118
1567780962,1906,1,118
1567780962,1907,1,118
627876593,1602,1,118
627876593,1906,1,118
3160798027,1901,1,118
3160798027,1912,1,118
3412247517,1915,1,118
3412247517,2301,1,118
1426478718,1602,1,118
1426478718,1901,1,118
570517224,2301,1,118
570517224,1915,1,118
3137877842,2301,1,118
3137877842,1901,1,118
3423537092,1915,1,118
3423537092,1602,1,118
1555044949,1920,1,118
1555044949,1602,1,118
598079077,1904,1,118
598079077,1009,1,118
3131877343,1904,1,118
3131877343,1703,1,118
3450574665,1010,1,118
3450574665,1007,1,118
1406075626,2201,1,118
1406075626,1204,1,118
617099900,1012,1,118
617099900,1601,1,118
3183567814,1912,1,118
3183567814,1011,1,118
3401995088,1001,1,118
3401995088,1303,1,118
1517899457,1302,1,118
1517899457,1913,1,118
577215570,1903,1,118
577215570,1703,1,118
3144601064,1008,1,118
3144601064,1203,1,118
3429498238,1008,1,118
3429498238,1012,1,118
1376610525,1602,1,118
1376610525,1010,1,118
621434955,2101,1,118
621434955,1913,1,118
3154315761,1003,1,118
3154315761,1913,1,118
3406051687,1305,1,118
3406051687,1004,1,118
1538991350,2301,1,118
1538991350,1915,1,118
652927200,1007,1,118
652927200,1904,1,118
3219370330,1904,1,118
3219370330,1009,1,118
3370418636,1912,1,118
3370418636,1301,1,118
1451234415,1011,1,118
1451234415,1014,1,118
562504953,1906,1,118
562504953,1912,1,118
3096343875,1906,1,118
3096343875,1014,1,118
3481880021,1401,1,118
3481880021,1013,1,118
1597397060,1006,1,118
1597397060,1004,1,118
615276217,1002,1,118
615276217,2401,1,118
3181711107,1005,1,118
3181711107,1201,1,118
3399630741,1202,1,118
3399630741,1915,1,118
1422305846,1304,1,118
1422305846,1912,1,118
599890592,1003,1,118
599890592,1911,1,118
3133721370,1013,1,118
3133721370,1205,1,118
3452959628,1002,1,118
3452959628,1912,1,118
1567680029,1002,1,118
1567680029,1005,1,118
775058355,1009,1,118
775058355,1001,1,118
3074105865,1904,1,118
3074105865,2201,1,118
3225162399,1305,1,118
3225162399,2401,1,118
1582860092,1014,1,118
1582860092,1913,1,118
694138794,1915,1,118
694138794,1303,1,118
2958485008,1401,1,118
2958485008,1201,1,118
3344029318,1204,1,118
3344029318,1912,1,118
1475267351,1301,1,118
1475267351,1203,1,118
804264324,1905,1,118
804264324,1302,1,118
3069790270,1912,1,118
3069790270,1001,1,118
3254679720,1002,1,118
3254679720,1601,1,118
1603988747,1205,1,118
1603988747,1003,1,118
681434525,1915,1,118
681434525,1005,1,118
2979302439,1912,1,118
2979302439,1202,1,118
3331570865,1006,1,118
3331570865,2301,1,118
1445765408,1013,1,118
1445765408,1912,1,118
2560443758,1912,1,118
2560443758,1011,1,118
26481876,1005,1,118
26481876,1007,1,118
1989354562,2101,1,118
1989354562,1008,1,118
3908547041,1004,1,118
3908547041,1304,1,118
2683339127,1907,1,118
2683339127,1002,1,118
117035213,1007,1,118
117035213,1907,1,118
1912528987,1008,1,118
1912528987,1004,1,118
3779198410,1010,1,118
3779198410,1905,1,118
2602144000,1602,1,118
2602144000,1003,1,118
34652346,1012,1,118
34652346,1703,1,118
1964503084,1009,1,118
1964503084,1901,1,118
3950208399,1901,1,118
3950208399,1010,1,118
2624869657,1912,1,118
2624869657,1011,1,118
92079267,1912,1,118
92079267,1906,1,118
1920611381,1906,1,118
1920611381,1907,1,118
3804572068,1007,1,118
3804572068,1907,1,118
2598107959,1002,1,118
2598107959,1601,1,118
64137869,1205,1,118
64137869,1006,1,118
1960155675,1001,1,118
1960155675,1305,1,118
3937472440,2301,1,118
3937472440,1906,1,118
2645966638,2201,1,118
2645966638,1011,1,118
79654548,1920,1,118
79654548,1203,1,118
1941462530,1010,1,118
1941462530,1915,1,118
3808904083,1007,1,118
3808904083,1303,1,118
2656470917,1012,1,118
2656470917,1302,1,118
123721279,1002,1,118
123721279,1006,1,118
1884874409,1004,1,118
1884874409,1014,1,118
3996939018,1901,1,118
3996939018,1903,1,118
2570797980,1915,1,118
2570797980,1912,1,118
3281446,1202,1,118
3281446,1004,1,118
1999970992,2401,1,118
1999970992,1903,1,118
3884597025,1912,1,118
3884597025,1011,1,118
2647806955,1201,1,118
2647806955,1913,1,118
81461841,1301,1,118
81461841,1001,1,118
1943810759,1911,1,118
1943810759,1912,1,118
3988301668,1304,1,118
3988301668,1012,1,118
2596247538,1014,1,118
2596247538,2101,1,118
62309960,1005,1,118
62309960,1912,1,118
1957820126,1204,1,118
1957820126,1009,1,118
3826182991,1008,1,118
3826182991,1920,1,118
2525893846,1913,1,118
2525893846,2401,1,118
260523372,1913,1,118
260523372,1602,1,118
2021684730,1010,1,118
2021684730,1009,1,118
3873759321,1008,1,118
3873759321,1903,1,118
2447626447,1912,1,118
2447626447,1013,1,118
149586293,1003,1,118
149586293,1005,1,118
2146284003,1401,1,118
2146284003,1005,1,118
4015172722,1912,1,118
4015172722,1903,1,118
2538372833,1202,1,118
2538372833,1906,1,118
239415131,1906,1,118
239415131,1205,1,118
2034376653,1912,1,118
2034376653,1012,1,118
3878062702,1009,1,118
3878062702,1602,1,118
2418129656,1915,1,118
2418129656,1011,1,118
153676610,1912,1,118
153676610,1915,1,118
2117065684,1003,1,118
2117065684,1602,1,118
4002465349,1001,1,118
4002465349,1009,1,118
516284373,2301,1,118
516284373,1007,1,118
2278329967,2401,1,118
2278329967,1011,1,118
4039884537,1205,1,118
4039884537,1901,1,118
1856973658,1401,1,118
1856973658,1004,1,118
430447564,1005,1,118
430447564,1901,1,118
2158054006,1012,1,118
2158054006,1203,1,118
4154882784,1906,1,118
4154882784,1204,1,118
1729718129,1203,1,118
1729718129,1002,1,118
520599010,2201,1,118
520599010,1201,1,118
2249122904,1912,1,118
2249122904,1001,1,118
4043953358,1915,1,118
4043953358,1401,1,118
1869431149,1912,1,118
1869431149,1305,1,118
409629179,1014,1,118
409629179,1401,1,118
2170757185,1008,1,118
2170757185,1302,1,118
4133753047,1203,1,118
4133753047,1004,1,118
1725631814,1912,1,118
1725631814,1001,1,118
462080336,1304,1,118
462080336,1202,1,118
2189662442,1204,1,118
2189662442,1012,1,118
4119111804,1010,1,118
4119111804,2301,1,118
1809858015,2101,1,118
1809858015,1911,1,118
484904265,1907,1,118
484904265,1303,1,118
2246991091,1602,1,118
2246991091,1006,1,118
4075383909,1008,1,118
4075383909,1912,1,118
1649832436,1915,1,118
1649832436,1401,1,118
432830217,1903,1,118
432830217,1401,1,118
2160404147,1302,1,118
2160404147,1007,1,118
4156692005,1202,1,118
4156692005,1903,1,118
1772520326,1904,1,118
1772520326,1912,1,118
513913616,1906,1,118
513913616,1002,1,118
2275992234,1014,1,118
2275992234,1203,1,118
4038054460,1915,1,118
4038054460,1003,1,118
1611714477,1012,1,118
1611714477,1304,1,118
403578174,1004,1,118
403578174,1205,1,118
2164739204,1202,1,118
2164739204,2401,1,118
4127226898,1904,1,118
4127226898,1007,1,118
1751443889,2301,1,118
1751443889,1903,1,118
526637351,1009,1,118
526637351,1901,1,118
2255128733,1304,1,118
2255128733,1010,1,118
4050499595,1915,1,118
4050499595,1009,1,118
1641194906,1601,1,118
1641194906,2201,1,118
324164099,1205,1,118
324164099,2301,1,118
2321222585,1203,1,118
2321222585,1912,1,118
4250680111,1005,1,118
4250680111,1305,1,118
1664659084,1401,1,118
1664659084,1915,1,118
339713562,1001,1,118
339713562,1907,1,118
2369179552,1202,1,118
2369179552,2101,1,118
4197580598,1915,1,118
4197580598,1003,1,118
1787749031,1004,1,118
1787749031,1602,1,118
2784849118,1301,1,118
2784849118,1915,1,118
1022639460,1009,1,118
1022639460,1602,1,118
1274220018,1301,1,118
1274220018,1014,1,118
3583481937,1201,1,118
3583481937,1010,1,118
2727389383,2101,1,118
2727389383,1905,1,118
999946621,1912,1,118
999946621,1001,1,118
1285474795,1203,1,118
1285474795,1011,1,118
3693204602,1006,1,118
3693204602,1202,1,118
2792994992,1304,1,118
2792994992,2301,1,118
1064364298,1920,1,118
1064364298,1401,1,118
1215814044,1918,1,118
1215814044,1601,1,118
3591588927,2201,1,118
3591588927,1912,1,118
2702474409,1912,1,118
2702474409,1302,1,118
941436179,1009,1,118
941436179,1915,1,118
1327111557,1012,1,118
1327111557,1205,1,118
3752132628,1008,1,118
3752132628,1602,1,118
2733949954,1202,1,118
2733949954,1007,1,118
1006474680,1912,1,118
1006474680,1004,1,118
1291494702,1903,1,118
1291494702,1002,1,118
3533582477,1014,1,118
3533582477,1201,1,118
2778267675,1911,1,118
2778267675,1204,1,118
1016091041,1302,1,118
1016091041,1006,1,118
1268212023,1912,1,118
1268212023,1003,1,118
3676863654,1005,1,118
3676863654,1915,1,118
2738269749,1002,1,118
2738269749,1303,1,118
977272719,1901,1,118
977272719,1004,1,118
1295568665,1912,1,118
1295568665,1010,1,118
3546045114,1915,1,118
3546045114,1401,1,118
2757454380,1906,1,118
2757454380,1912,1,118
1028799382,1011,1,118
1028799382,2301,1,118
1247087360,1915,1,118
1247087360,1002,1,118
3672774289,1003,1,118
3672774289,1302,1,118
2696051291,1202,1,118
2696051291,1601,1,118
968567777,1911,1,118
968567777,2101,1,118
1320950647,2301,1,118
1320950647,1912,1,118
3503853268,1305,1,118
3503853268,1915,1,118
2816458306,1915,1,118
2816458306,2401,1,118
1054273528,1901,1,118
1054273528,1601,1,118
1238490990,1201,1,118
1238490990,1912,1,118
3647914751,1602,1,118
3647914751,1302,1,118
2884517222,1204,1,118
2884517222,1001,1,118
854027484,1304,1,118
854027484,1911,1,118
1172331594,1915,1,118
1172331594,1912,1,118
3682912745,1915,1,118
3682912745,1304,1,118
2894330239,1401,1,118
2894330239,1010,1,118
898279621,1305,1,118
898279621,1007,1,118
1116575827,1012,1,118
1116575827,1903,1,118
3526526402,2301,1,118
3526526402,1008,1,118
2855032657,1203,1,118
2855032657,2401,1,118
858064619,1305,1,118
858064619,1912,1,118
1143092861,1915,1,118
1143092861,1202,1,118
3662062558,2201,1,118
3662062558,1205,1,118
2906755912,1912,1,118
2906755912,1602,1,118
877183730,1920,1,118
877183730,1006,1,118
1129312868,1906,1,118
1129312868,1014,1,118
3555782645,1204,1,118
3555782645,1303,1,118
1499833605,2301,1,118
1499833605,1904,1,118
3228366015,1904,1,118
3228366015,1011,1,118
3077293097,1920,1,118
3077293097,1009,1,118
688869770,1013,1,118
688869770,1920,1,118
1577607452,1204,1,118
1577607452,1012,1,118
3338743974,1202,1,118
3338743974,1005,1,118
2953183280,1009,1,118
2953183280,2401,1,118
549002657,1007,1,118
549002657,1602,1,118
1575541175,1202,1,118
1575541175,1006,1,118
3303114765,1903,1,118
3303114765,1004,1,118
3018242203,1011,1,118
3018242203,1915,1,118
763505976,1601,1,118
763505976,1912,1,118
1518673326,1903,1,118
1518673326,1010,1,118
3280751636,1903,1,118
3280751636,1014,1,118
3029040258,1912,1,118
3029040258,1915,1,118
607412499,1014,1,118
607412499,1401,1,118
1546302336,1203,1,118
1546302336,1201,1,118
3307463226,1304,1,118
3307463226,1003,1,118
2988757676,1001,1,118
2988757676,2101,1,118
742409999,2201,1,118
742409999,1008,1,118
1531410329,1012,1,118
1531410329,1901,1,118
3259901475,1901,1,118
3259901475,1002,1,118
3041466037,1202,1,118
3041466037,1002,1,118
636881700,1915,1,118
636881700,1205,1,118
1584139737,1913,1,118
1584139737,1901,1,118
3345308771,1915,1,118
3345308771,1005,1,118
2959240437,2401,1,118
2959240437,2301,1,118
772208982,1305,1,118
772208982,1011,1,118
1493289408,1906,1,118
1493289408,2201,1,118
3221788794,1401,1,118
3221788794,1907,1,118
3071256812,1003,1,118
3071256812,1915,1,118
665892221,1920,1,118
665892221,1006,1,118
1425154259,1004,1,118
1425154259,1010,1,118
3455807849,1918,1,118
3455807849,1009,1,118
3137094143,1205,1,118
3137094143,1906,1,118
613995612,1906,1,118
613995612,1602,1,118
1402987722,1601,1,118
1402987722,1007,1,118
3398874480,1204,1,118
3398874480,1901,1,118
3180430822,1303,1,118
3180430822,1002,1,118
758028407,1302,1,118
758028407,1912,1,118
1429228260,1903,1,118
1429228260,1205,1,118
3426294622,2101,1,118
3426294622,1005,1,118
3141413832,1001,1,118
3141413832,1013,1,118
626703979,1912,1,118
626703979,1014,1,118
1381863165,1201,1,118
1381863165,1915,1,118
3411337031,1901,1,118
3411337031,1203,1,118
3159617489,1912,1,118
3159617489,1204,1,118
753726016,1201,1,118
753726016,1006,1,118
3818880057,1008,1,118
3818880057,1202,1,118
2056662403,1915,1,118
2056662403,1012,1,118
227613973,1904,1,118
227613973,2101,1,118
2482342070,1010,1,118
2482342070,1904,1,118
3841112096,1301,1,118
3841112096,1006,1,118
2113661338,1011,1,118
2113661338,1014,1,118
184342796,1005,1,118
184342796,1915,1,118
2588132509,1013,1,118
2588132509,1912,1,118
3759908951,1903,1,118
3759908951,1904,1,118
2031286765,1901,1,118
2031286765,1912,1,118
236308859,1007,1,118
236308859,1915,1,118
2423348440,1201,1,118
2423348440,1003,1,118
3883297870,1304,1,118
3883297870,1205,1,118
2122268148,1202,1,118
2122268148,1009,1,118
158862690,1915,1,118
158862690,1002,1,118
2579960051,1912,1,118
2579960051,1601,1,118
3847536338,1901,1,118
3847536338,1007,1,118
2086530920,2401,1,118
2086530920,1001,1,118
190504958,1915,1,118
190504958,1205,1,118
2503887453,2201,1,118
2503887453,1204,1,118
3795417803,1201,1,118
3795417803,1602,1,118
2066754417,1004,1,118
2066754417,1302,1,118
204938215,1912,1,118
204938215,2301,1,118
2626160246,1906,1,118
2626160246,1203,1,118
3835090149,1201,1,118
3835090149,1012,1,118
2107606367,1904,1,118
2107606367,1004,1,118
177780169,1915,1,118
177780169,1008,1,118
2499551338,1915,1,118
2499551338,1401,1,118
3824881916,1010,1,118
3824881916,1602,1,118
2062696774,1915,1,118
2062696774,1301,1,118
234189264,1012,1,118
234189264,1912,1,118
2638900289,1002,1,118
2638900289,1205,1,118
3876716683,1201,1,118
3876716683,2301,1,118
2115719473,1401,1,118
2115719473,1202,1,118
152854951,1204,1,118
152854951,1913,1,118
2541286404,1305,1,118
2541286404,1913,1,118
3766469778,1901,1,118
3766469778,1602,1,118
2037814568,1911,1,118
2037814568,1204,1,118
242329022,1912,1,118
242329022,1915,1,118
2664347695,1912,1,118
2664347695,1602,1,118
3964553142,1201,1,118
3964553142,1014,1,118
1967592972,1305,1,118
1967592972,1906,1,118
37758618,1601,1,118
37758618,2201,1,118
2619650873,1005,1,118
2619650873,1003,1,118
3944973231,1008,1,118
3944973231,2401,1,118
1915408917,1011,1,118
1915408917,1305,1,118
86893187,2101,1,118
86893187,1912,1,118
2509438738,1912,1,118
2509438738,1008,1,118
3985386881,1013,1,118
3985386881,1912,1,118
1954905147,1905,1,118
1954905147,1007,1,118
58870957,1205,1,118
58870957,1915,1,118
2649151758,1202,1,118
2649151758,1006,1,118
3940673944,1007,1,118
3940673944,1204,1,118
1944631330,1912,1,118
1944631330,1602,1,118
82806964,1912,1,118
82806964,1915,1,118
2488309029,1912,1,118
2488309029,1013,1,118
1678085301,1602,1,118
1678085301,2201,1,118
4245478671,1302,1,118
4245478671,1203,1,118
2316037529,1901,1,118
2316037529,1014,1,118
342849594,1303,1,118
342849594,1401,1,118
1667778732,1601,1,118
1667778732,1205,1,118
4200667414,1906,1,118
4200667414,1002,1,118
2372282752,1009,1,118
2372282752,1203,1,118
500773905,1204,1,118
500773905,1912,1,118
1619587079,1005,1,118
1619587079,1920,1,118
4186022333,1012,1,118
4186022333,1008,1,118
2391183659,1013,1,118
2391183659,1912,1,118
283247752,1003,1,118
283247752,1202,1,118
1743074334,1901,1,118
1743074334,1014,1,118
4276905380,1901,1,118
4276905380,1001,1,118
2313901362,2301,1,118
2313901362,1906,1,118
424954019,1906,1,118
424954019,1005,1,118
1632279088,1904,1,118
1632279088,1002,1,118
4165192586,1904,1,118
4165192586,2101,1,118
2403662620,1918,1,118
2403662620,1011,1,118
287338175,1007,1,118
287338175,2401,1,118
1713856041,1906,1,118
1713856041,1907,1,118
4281208723,1205,1,118
4281208723,1006,1,118
2284404485,1906,1,118
2284404485,1912,1,118
412492436,1010,1,118
412492436,1304,1,118
1661740137,1004,1,118
1661740137,1201,1,118
4194661843,1903,1,118
4194661843,1904,1,118
2365736261,1202,1,118
2365736261,1912,1,118
325505254,1915,1,118
325505254,1304,1,118
1684136048,1901,1,118
1684136048,2301,1,118
4251496906,1004,1,118
4251496906,1006,1,118
2322563420,1602,1,118
2322563420,1012,1,118
449879245,1915,1,118
449879245,1005,1,118
1771178339,1007,1,118
1771178339,1904,1,118
4036712665,1203,1,118
4036712665,2101,1,118
2275174479,1001,1,118
2275174479,1008,1,118
435748332,1301,1,118
435748332,1915,1,118
1862258042,1912,1,118
1862258042,1913,1,118
4160134336,1203,1,118
4160134336,2401,1,118
2163321942,1204,1,118
2163321942,1014,1,118
273592775,1601,1,118
273592775,1905,1,118
3745333182,1903,1,118
3745333182,1002,1,118
1177841156,1903,1,118
1177841156,1201,1,118
825450130,1003,1,118
825450130,2201,1,118
2941766449,1010,1,118
2941766449,1915,1,118
3629185959,1903,1,118
3629185959,1912,1,118
1096395293,1912,1,118
1096395293,1202,1,118
912169611,1013,1,118
912169611,1901,1,118
2799798042,1205,1,118
2799798042,1011,1,118
3741275529,1009,1,118
3741275529,1201,1,118
1207305267,1305,1,118
1207305267,1401,1,118
821114021,1903,1,118
821114021,1901,1,118
2929041670,1912,1,118
2929041670,1401,1,118
3650261392,1901,1,118
3650261392,1915,1,118
1083949098,1915,1,118
1083949098,1014,1,118
933032124,1001,1,118
933032124,1302,1,118
2804149549,1401,1,118
2804149549,1915,1,118
3715858919,1305,1,118
3715858919,1903,1,118
1148375133,1912,1,118
1148375133,1003,1,118
863363275,1915,1,118
863363275,2401,1,118
2903602536,1005,1,118
2903602536,1204,1,118
3658892798,1009,1,118
3658892798,2101,1,118
1126110276,2201,1,118
1126110276,1010,1,118
873997522,1907,1,118
873997522,1011,1,118
2762422595,1012,1,118
2762422595,1907,1,118
3627325282,1008,1,118
3627325282,1302,1,118
1094567640,1002,1,118
1094567640,1903,1,118
909833806,1013,1,118
909833806,1203,1,118
2824758253,1601,1,118
2824758253,1204,1,118
3747173243,1602,1,118
3747173243,1903,1,118
1179648705,1007,1,118
1179648705,1912,1,118
827798103,1006,1,118
827798103,1911,1,118
2716348358,1203,1,118
2716348358,2301,1,118
3685761804,1901,1,118
3685761804,1912,1,118
1119425206,1004,1,118
1119425206,1912,1,118
901653024,1915,1,118
901653024,1201,1,118
2883237763,1305,1,118
2883237763,1913,1,118
3705505557,1915,1,118
3705505557,1912,1,118
1171576495,1008,1,118
1171576495,1205,1,118
852747833,1304,1,118
852747833,1201,1,118
2725051304,1915,1,118
2725051304,1901,1,118
3509480966,1205,1,118
3509480966,1911,1,118
1210531772,1203,1,118
1210531772,1901,1,118
1059065642,1602,1,118
1059065642,1201,1,118
2705627785,1204,1,118
2705627785,2301,1,118
3594758687,1912,1,118
3594758687,1205,1,118
1330314149,2101,1,118
1330314149,1901,1,118
944622387,1202,1,118
944622387,1915,1,118
2834486946,1915,1,118
2834486946,1602,1,118
3505128497,1912,1,118
3505128497,1905,1,118
1239766411,1912,1,118
1239766411,1005,1,118
1055024413,1001,1,118
1055024413,2201,1,118
2693198014,1918,1,118
2693198014,1901,1,118
3615604776,1912,1,118
3615604776,1301,1,118
1317573010,1203,1,118
1317573010,1911,1,118
965714180,1007,1,118
965714180,1012,1,118
2838543509,1915,1,118
2838543509,1003,1,118
3448279120,1009,1,118
3448279120,1011,1,118
1417789930,1013,1,118
1417789930,1911,1,118
596046204,2401,1,118
596046204,1401,1,118
3185730783,1201,1,118
3185730783,1014,1,118
3404026953,1006,1,118
3404026953,1915,1,118
1407976947,1602,1,118
1407976947,1302,1,118
619394405,1008,1,118
619394405,2301,1,118
3025414388,1915,1,118
3025414388,1302,1,118
3864337252,1918,1,118
3864337252,1001,1,118
2136754910,1918,1,118
2136754910,1004,1,118
140212808,1304,1,118
140212808,1601,1,118
2520772587,1912,1,118
2520772587,1003,1,118
3778600829,1203,1,118
3778600829,1915,1,118
2016513735,1912,1,118
2016513735,1602,1,118
255245905,1906,1,118
255245905,1907,1,118
2676597696,1907,1,118
2676597696,1303,1,118
3805833174,1002,1,118
3805833174,1903,1,118
2077308524,1302,1,118
2077308524,1903,1,118
215353082,1005,1,118
215353082,1903,1,118
2461176665,1009,1,118
2461176665,1201,1,118
3853886415,1912,1,118
3853886415,1201,1,118
2092757621,1012,1,118
2092757621,1901,1,118
196854499,1205,1,118
196854499,1401,1,118
2600787826,1007,1,118
2600787826,1920,1,118
3810135521,1013,1,118
3810135521,1202,1,118
2048089179,1904,1,118
2048089179,1010,1,118
219442381,1006,1,118
219442381,2301,1,118
2473654638,1913,1,118
2473654638,1008,1,118
3833055736,1915,1,118
3833055736,1014,1,118
2105448514,1011,1,118
2105448514,2101,1,118
175745236,1901,1,118
175745236,1204,1,118
2596713797,1912,1,118
2596713797,1907,1,118
3768506767,2401,1,118
3768506767,1205,1,118
2039973941,2201,1,118
2039973941,1202,1,118
244365475,2301,1,118
244365475,1301,1,118
2431921408,1601,1,118
2431921408,1012,1,118
3891469718,2201,1,118
3891469718,1005,1,118
2130332716,1013,1,118
2130332716,1905,1,118
167607482,1912,1,118
167607482,1913,1,118
2571264299,1009,1,118
2571264299,1915,1,118
3955400370,1014,1,118
3955400370,1911,1,118
1925959432,1204,1,118
1925959432,1911,1,118
97320862,1903,1,118
97320862,1010,1,118
2611505725,1904,1,118
2611505725,1011,1,118
3970914987,1912,1,118
3970914987,1305,1,118
1973816081,1001,1,118
1973816081,1201,1,118
44120967,2401,1,118
44120967,1915,1,118
2451449366,1915,1,118
2451449366,1912,1,118
1567467631,2101,1,118
1567467631,1920,1,118
3294951893,1920,1,118
3294951893,1001,1,118
3009661251,1002,1,118
3009661251,1915,1,118
755457248,1008,1,118
755457248,1401,1,118
1509977206,1903,1,118
1509977206,1007,1,118
3272162764,1204,1,118
3272162764,1303,1,118
3020819802,1205,1,118
3020819802,1912,1,118
615583947,1006,1,118
615583947,1901,1,118
1592359937,1904,1,118
1592359937,1203,1,118
3353357755,1003,1,118
3353357755,1904,1,118
2967936301,1004,1,118
2967936301,1602,1,118
780372110,1013,1,118
780372110,1901,1,118
1501870104,2201,1,118
1501870104,1601,1,118
3230525858,1912,1,118
3230525858,1202,1,118
3079330100,1906,1,118
3079330100,1002,1,118
657835173,1205,1,118
657835173,1009,1,118
1596659254,1001,1,118
1596659254,1911,1,118
3324135308,2301,1,118
3324135308,1204,1,118
2972022554,1918,1,118
2972022554,1915,1,118
792847033,1915,1,118
792847033,2101,1,118
1481036335,1912,1,118
1481036335,1906,1,118
3243213717,1012,1,118
3243213717,1906,1,118
3058217731,1205,1,118
3058217731,1008,1,118
653766290,1201,1,118
653766290,1005,1,118
1537632900,1004,1,118
1537632900,1903,1,118
3266263870,1903,1,118
3266263870,1011,1,118
3047689128,1010,1,118
3047689128,1920,1,118
734830091,2401,1,118
734830091,1401,1,118
1556852381,1204,1,118
1556852381,1912,1,118
3317890855,1014,1,118
3317890855,1911,1,118
2999308209,1008,1,118
2999308209,2101,1,118
578474528,1915,1,118
578474528,1007,1,118
1478672106,1301,1,118
1478672106,1602,1,118
3240882000,1915,1,118
3240882000,1203,1,118
3056394182,1915,1,118
3056394182,1203,1,118
675826277,1912,1,118
675826277,1913,1,118
1599044339,1912,1,118
1599044339,1918,1,118
3326487369,1901,1,118
3326487369,1303,1,118
2973834207,1201,1,118
2973834207,1901,1,118
570295886,1911,1,118
570295886,1602,1,118
1400830423,2301,1,118
1400830423,1601,1,118
3396839533,1201,1,118
3396839533,1401,1,118
3178273019,1204,1,118
3178273019,1013,1,118
588516696,1205,1,118
588516696,1303,1,118
1410547150,1004,1,118
1410547150,1905,1,118
3441060980,1912,1,118
3441060980,1008,1,118
3122486498,1204,1,118
3122486498,1011,1,118
715276659,1906,1,118
715276659,1202,1,118
1388090336,1005,1,118
1388090336,1305,1,118
3417686618,1904,1,118
3417686618,1001,1,118
3165844172,2201,1,118
3165844172,1911,1,118
584476527,1010,1,118
584476527,1901,1,118
1439782905,1912,1,118
1439782905,1002,1,118
3436709443,1915,1,118
3436709443,1007,1,118
3151967957,1912,1,118
3151967957,2101,1,118
727722820,1602,1,118
727722820,1915,1,118
1339557761,1901,1,118
1339557761,1006,1,118
3604043323,1907,1,118
3604043323,1906,1,118
2715182765,1003,1,118
2715182765,1901,1,118
1068692238,1009,1,118
1068692238,1904,1,118
1219871640,1012,1,118
1219871640,1302,1,118
3518796322,1901,1,118
3518796322,1004,1,118
2797314740,1011,1,118
2797314740,1920,1,118
906280741,1912,1,118
906280741,1013,1,118
1310354870,1911,1,118
1310354870,1204,1,118
3608361996,1003,1,118
3608361996,1912,1,118
2685668506,1915,1,118
2685668506,1205,1,118
1047566649,1601,1,118
1047566649,1005,1,118
1232578991,1203,1,118
1232578991,1302,1,118
3497981973,1201,1,118
3497981973,1006,1,118
2809776259,1011,1,118
2809776259,2201,1,118
935777554,1305,1,118
935777554,1007,1,118
1746615823,1501,1,3451
1746615823,1915,1,3452
2116283731,1103,1,3697
2116283731,1601,1,3698
2145486692,1602,1,3893
2145486692,1904,1,3894
198806764,1401,1,4138
1637315132,1801,1,4455
1637315132,2101,1,4454
2456498726,2101,1,4787
2456498726,1704,1,4788
2566201132,1010,1,5183
2566201132,1912,1,5184
2240908109,2101,1,5237
2240908109,1601,1,5238
2220089722,1005,1,5932
2220089722,1601,1,5933
2279027988,1704,1,6390
2279027988,1702,1,6391
4040164738,1704,1,6390
4040164738,1702,1,6391
1775850552,1704,1,6390
1775850552,1702,1,6391
517891246,1704,1,6390
517891246,1702,1,6391
11047414,1704,1,6933
11047414,1702,1,6932
2664170581,1704,1,6933
2664170581,1702,1,6932
3922408643,1704,1,6933
3922408643,1702,1,6932
3766319336,1704,1,7372
3766319336,1702,1,7373
2995557263,1704,1,7372
2995557263,1702,1,7373
3314262809,1704,1,7372
3314262809,1702,1,7373
1552085667,1704,1,7372
1552085667,1702,1,7373
1542403770,1704,1,7465
1542403770,1702,1,7466
753403436,1704,1,7465
753403436,1702,1,7466
3159825341,1704,1,7465
3159825341,1702,1,7466
1123289083,1704,1,8315
1123289083,1702,1,7466
905131885,1704,1,8315
905131885,1702,1,7466
2773232380,1704,1,8315
2773232380,1702,1,7466
230003004,1704,1,8411
230003004,1702,1,79
2058527146,1704,1,8411
2058527146,1702,1,79
3926768699,1704,1,8411
3926768699,1702,1,79
2634714285,1704,1,8411
2634714285,1702,1,79
1672057067,1704,1,8846
1672057067,1702,1,79
4078341498,1704,1,8846
4078341498,1702,1,79
2215755244,1704,1,8846
2215755244,1702,1,79
3605026443,1704,1,8846
3605026443,1702,1,79
1065612222,1702,1,8929
1065612222,1704,1,8932
3489359818,1704,1,9265
3489359818,1702,1,79
3103545180,1704,1,9265
3103545180,2503,1,79
569706214,1704,1,9265
569706214,1702,1,79
1458714224,1704,1,9265
1458714224,1702,1,79
3240161272,2503,1,8929
3240161272,1704,1,8932
2092188830,1001,1,9447
2092188830,1010,1,9447
2792167977,1704,1,9514
2792167977,1702,1,79
3513395903,1704,1,9514
3513395903,1702,1,79
1326366492,1704,1,9514
1326366492,1702,1,79
940150666,1704,1,9514
940150666,2503,1,79
2701188656,1707,1,9514
2701188656,2504,1,79
645888722,1702,1,8929
645888722,1704,1,8932
554876619,1704,1,10420
554876619,1702,1,10249
2247485320,1702,1,8929
2247485320,1704,1,8932
4076001054,1702,1,8929
4076001054,1704,1,8932
1811646116,2501,1,8929
1811646116,1701,1,8932
2129853127,1008,1,9447
1821786813,1704,1,10422
1821786813,1702,1,10249
1972204540,1704,1,10453
1972204540,1702,1,10249
3349770629,1702,1,8929
3349770629,1704,1,8932
3083044106,1704,1,10453
3083044106,1702,1,10249
2133889264,1002,1,9447
2133889264,1013,1,9447
2847240274,1702,1,8929
2847240274,1704,1,8932
3458153902,1704,1,10453
3458153902,1702,1,10249
2055177845,1002,1,9447
2055177845,1015,1,9447
3607366895,1704,1,10453
3607366895,1702,1,10249
2076044354,1002,1,9447
2076044354,1009,1,9447
2574015882,2401,1,4450
2574015882,1901,1,4450
6622256,1601,1,4450
6622256,1702,1,4450
2002926758,1601,1,4450
2002926758,1702,1,4450
3909527813,1602,1,4450
3909527813,1401,1,4450
2650904979,1602,1,4450
2650904979,1401,1,4450
118016041,2401,1,4450
118016041,1901,1,4450
1880094911,2401,1,4450
1880094911,1901,1,4450
3769689390,1601,1,4450
3769689390,1901,1,4450
2545407416,1601,1,4450
2545407416,1901,1,4450
4151336029,1601,1,4451
4151336029,2301,1,4451
2155310283,2401,1,5992
2155310283,1901,1,5992
427703665,1601,1,5992
427703665,1702,1,5992
1853427175,1601,1,5992
1853427175,1702,1,5992
4028471364,1602,1,5992
4028471364,1401,1,5992
2266671314,1602,1,5992
2266671314,1401,1,5992
504625512,1601,1,5992
504625512,1901,1,5992
1762970110,1601,1,5992
1762970110,1901,1,5992
4188787823,1601,1,5992
4188787823,1901,1,5992
2393695481,1601,1,5992
2393695481,1901,1,5992
3697086366,1601,1,79
3697086366,2301,1,79