File,mStoryHash,mDramaHash,
story_info.xml,1603733826,2187760826,
story_info.xml,3332266232,460309760,
story_info.xml,1839295424,2958095928,
story_info.xml,4104665722,693741442,
story_info.xml,2209286892,1583257364,
story_info.xml,4219011573,731446908,
story_info.xml,585170183,4279329023,
story_info.xml,3152653501,1712861509,
story_info.xml,3438189611,287244755,
story_info.xml,1384778120,2407240816,
story_info.xml,2560604357,1164846397,
story_info.xml,282500997,3441885821,
story_info.xml,2313145919,1412322247,
story_info.xml,1294116524,2429762388,
story_info.xml,3559651094,165309166,
story_info.xml,1712321903,3154012311,
story_info.xml,4278625493,586627373,
story_info.xml,2281804867,1441794491,
story_info.xml,4040662874,540434643,
story_info.xml,2132067374,2732939734,
story_info.xml,3860698516,1005324396,
story_info.xml,2434442498,1290483962,
story_info.xml,259928225,3532631385,
story_info.xml,810898153,3987001105,
story_info.xml,2841379667,1957535403,
story_info.xml,3730518981,61517373,
story_info.xml,2794272988,1986840405,
story_info.xml,2318014251,1474005715,
story_info.xml,40054891,3750931859,
story_info.xml,2607440337,1184627753,
story_info.xml,4120822217,678386737,
story_info.xml,1821872243,2976255371,
story_info.xml,3736310282,54661106,
story_info.xml,1203422128,2588630600,
story_info.xml,817754918,3981209310,
story_info.xml,2933483141,1932065661,
story_info.xml,3349717835,442056371,
story_info.xml,1587671793,2203086601,
story_info.xml,698794599,4099366815,
story_info.xml,1366346110,2173777655,
story_info.xml,2296984972,1427679348,
story_info.xml,299918390,3423730126,
story_info.xml,1726436512,3138832728,
story_info.xml,506552249,3469778992,
story_info.xml,3980892863,817235783,
story_info.xml,1951320837,2847889149,
story_info.xml,55180179,3736626795,
story_info.xml,2637000240,1088222152,
story_info.xml,848719950,4016565686,
story_info.xml,3135198990,1731119862,
story_info.xml,601228980,4264008524,
story_info.xml,1749678448,3048760456,
story_info.xml,4047546570,749810994,
story_info.xml,1130670771,2660579147,
story_info.xml,3664640777,127690481,
story_info.xml,2909457311,1889228391,
story_info.xml,3585917062,89997071,
story_info.xml,1518312434,2274231818,
story_info.xml,3279342152,512186288,
story_info.xml,3027368670,1770022694,
story_info.xml,3433558471,474353230,
story_info.xml,356388149,3369046221,
story_info.xml,2352438415,1371980151,
story_info.xml,4214254617,650244577,
story_info.xml,2212914944,1393006729,
story_info.xml,1888526854,2908831742,
story_info.xml,3919180732,879259204,
story_info.xml,2661204778,1131372242,
story_info.xml,16406153,3708537713,
story_info.xml,2940291319,1924191503,
story_info.xml,654864311,4210684495,
story_info.xml,3187752461,1676714997,
story_info.xml,3505757717,218366957,
story_info.xml,1241305007,2483901015,
story_info.xml,4225289686,640241710,
story_info.xml,1657904236,3206545812,
story_info.xml,366390522,3358011650,
story_info.xml,1828759523,3185662058,
story_info.xml,3804494999,1060266351,
story_info.xml,2076880173,2788896981,
story_info.xml,214801851,3510370371,
story_info.xml,2460551192,1331205600,
story_info.xml,2911005264,1886648232,
story_info.xml,881540074,3917129234,
story_info.xml,1133251452,2659030660,
story_info.xml,995754085,3954966508,
story_info.xml,3029949201,1768474345,
story_info.xml,764414635,4032927571,
story_info.xml,1519860285,2271651781,
story_info.xml,574697764,4070624941,
story_info.xml,3358377315,366827675,
story_info.xml,1361417433,2362706209,
story_info.xml,639804495,4224924087,
story_info.xml,3091608044,1706535956,
story_info.xml,402468754,3389829738,
story_info.xml,2259630483,1532929131,
story_info.xml,530999337,3260544465,
story_info.xml,3258987003,531737603,
story_info.xml,1531535425,2260270521,
story_info.xml,3916259896,882704320,
story_info.xml,1885614978,2912267898,
story_info.xml,123929364,3667042028,
story_info.xml,2142570509,2941581188,
story_info.xml,4034286457,763874945,
story_info.xml,1769931459,3029245755,
story_info.xml,511193685,3280580525,
story_info.xml,2149361654,1575827982,
story_info.xml,3208103358,1657165894,
story_info.xml,641635332,4224649724,
story_info.xml,1362732178,2361932138,
story_info.xml,703573899,4178464770,
story_info.xml,2787964159,2078107911,
story_info.xml,1059431749,3805558973,
story_info.xml,1210226131,2513635371,
story_info.xml,3594911856,196582792,
story_info.xml,3667487373,124319605,
story_info.xml,1133525815,2657199823,
story_info.xml,882314145,3915814489,
story_info.xml,2868092418,1996620794,
story_info.xml,88637564,3636010372,
story_info.xml,2484770429,1240140677,
story_info.xml,219400135,3504495167,
story_info.xml,2063357598,2802699110,
story_info.xml,3824486180,1040489180,
story_info.xml,1372652893,2350946469,
story_info.xml,3369620711,355059999,
story_info.xml,3219088497,1647245705,
story_info.xml,3339284328,401117409,
story_info.xml,1221211164,2503715300,
story_info.xml,3519243686,204666974,
story_info.xml,2797884720,2067122376,
story_info.xml,950059155,3847314795,
story_info.xml,126591707,3665444643,
story_info.xml,2659382113,1131638425,
story_info.xml,3917857783,880041487,
story_info.xml,2438187246,1102198631,
story_info.xml,3186943769,1610971873,
story_info.xml,901627993,3897318817,
story_info.xml,2897514979,1900350491,
story_info.xml,580863688,4285455152,
story_info.xml,3147175794,1718061706,
story_info.xml,162665739,3561195763,
story_info.xml,2428191921,1296750921,
story_info.xml,3887887399,978184671,
story_info.xml,2674556734,1334542519,
story_info.xml,279520330,3445143986,
story_info.xml,2308994544,1414653960,
story_info.xml,4272375142,592894110,
story_info.xml,2255572607,1452323318,
story_info.xml,1609085581,2182688629,
story_info.xml,3336692535,454065871,
story_info.xml,2984694689,1813466713,
story_info.xml,797066754,4067679226,
story_info.xml,3851941711,946236087,
story_info.xml,1843318799,2955890167,
story_info.xml,4107764149,690363469,
story_info.xml,2585993645,1204993109,
story_info.xml,53112855,3738955247,
story_info.xml,2970514030,1828712342,
story_info.xml,671556564,4126588460,
story_info.xml,1593840450,2196868794,
story_info.xml,668342363,4147636178,
story_info.xml,2819965743,1977933527,
story_info.xml,823923349,3974991725,
story_info.xml,1176183299,2615853051,
story_info.xml,3632248736,93203032,
story_info.xml,3881096680,983910416,
story_info.xml,2120057938,2745964970,
story_info.xml,156939460,3567987004,
story_info.xml,2537431399,1255128223,
story_info.xml,1563136042,2161774034,
story_info.xml,3580016490,143862418,
story_info.xml,1282139856,2442820392,
story_info.xml,3662366615,129686127,
story_info.xml,1128404525,2662566869,
story_info.xml,4049998932,748128684,
story_info.xml,1752122862,3047086102,
story_info.xml,526939512,3264866432,
story_info.xml,2165104859,1560116515,
story_info.xml,3900515605,898414829,
story_info.xml,1903457455,2894457175,
story_info.xml,108217401,3682785729,
story_info.xml,2124762912,3730611538,
story_info.xml,2805773266,2060267050,
story_info.xml,1043718760,3821305744,
story_info.xml,1228067582,2495827718,
story_info.xml,837081575,2434599829,
story_info.xml,490993168,3232918504,
story_info.xml,3190260371,1224428712,
story_info.xml,657380137,3522305298,
story_info.xml,1660362994,3204889866,
story_info.xml,4227756360,638577840,
story_info.xml,1239053105,2485907145,
story_info.xml,3503497867,220381043,
story_info.xml,2815693341,2049282021,
story_info.xml,967870398,3829471814,
story_info.xml,1354842736,2368790408,
story_info.xml,3385332682,339316274,
story_info.xml,3201246044,1665056420,
story_info.xml,3323537477,468235709,
story_info.xml,528536759,3262204239,
story_info.xml,2257159437,1534597365,
story_info.xml,4052661659,746530915,
story_info.xml,1877614648,2988162496,
story_info.xml,2784989557,2014186637,
story_info.xml,110880246,4031196109,
story_info.xml,2677191756,1766750839,
story_info.xml,1883410204,2914194148,
story_info.xml,3914063526,884622174,
story_info.xml,1534057695,2258518311,
story_info.xml,3261500773,529993885,
story_info.xml,3043081715,1754275851,
story_info.xml,721758288,4143232424,
story_info.xml,1114959262,2676322406,
story_info.xml,3682450468,109847004,
story_info.xml,2893712562,1904939338,
story_info.xml,3568076715,157096531,
story_info.xml,221608793,3502565025,
story_info.xml,2486971107,1238218523,
story_info.xml,3812301429,1053460365,
story_info.xml,2103414742,2695762478,
story_info.xml,3075096219,1790681955,
story_info.xml,1057167835,3807544355,
story_info.xml,2785691745,2080101785,
story_info.xml,3372148857,353334657,
story_info.xml,1375189443,2349212731,
story_info.xml,3822304186,1042425410,
story_info.xml,2061167104,2804643832,
story_info.xml,232643222,3492562798,
story_info.xml,2478395189,1313395405,
story_info.xml,4207446779,658052867,
story_info.xml,1673648961,3190834873,
story_info.xml,348580823,3375855151,
story_info.xml,2325905012,1465115532,
story_info.xml,267803134,3523724294,
story_info.xml,3045661756,1752728004,
story_info.xml,746605958,4050767998,
story_info.xml,1877426819,2987843451,
story_info.xml,4142797625,723488449,
story_info.xml,2179539887,1545125463,
story_info.xml,529380876,3262917620,
story_info.xml,1154093376,2570816696,
story_info.xml,3720560890,3333378,
story_info.xml,2865000556,2000022932,
story_info.xml,882959823,3914430519,
story_info.xml,1573986305,2149629433,
story_info.xml,3302519227,422177859,
story_info.xml,3017752877,1848564949,
story_info.xml,767284366,4031400310,
story_info.xml,2102586733,2695065749,
story_info.xml,3831217367,967450927,
story_info.xml,2472315969,1319965113,
story_info.xml,221780450,3502867482,
story_info.xml,1451212462,2341348182,
story_info.xml,3480678164,310866668,
story_info.xml,3094470530,1702904442,
story_info.xml,638929441,4226078681,
story_info.xml,1331990511,2459243031,
story_info.xml,3597524565,194790317,
story_info.xml,2708139715,2090562363,
story_info.xml,1057913696,3808421528,
story_info.xml,3320744456,404690928,
story_info.xml,1558698930,2165720650,
story_info.xml,736160548,4128339676,
story_info.xml,3045359239,1752556415,
story_info.xml,4005812683,858932275,
story_info.xml,2009761905,2855998857,
story_info.xml,13482215,3711706399,
story_info.xml,2661887300,1129885884,
story_info.xml,4158187658,707360114,
story_info.xml,1859238192,3005228232,
story_info.xml,433490342,3290895454,
story_info.xml,2276596741,1514373629,
story_info.xml,1480176305,2244489033,
story_info.xml,3241206539,482442995,
story_info.xml,3057111965,1808158309,
story_info.xml,676546110,4121091014,
story_info.xml,1930748274,2934275210,
story_info.xml,3927814344,938224944,
story_info.xml,2635759710,1089150374,
story_info.xml,58594813,3733948421,
story_info.xml,1779421235,3086896587,
story_info.xml,4077289865,787946609,
story_info.xml,2214703391,1508912359,
story_info.xml,442836156,3348412740,
story_info.xml,3766867412,1031030828,
story_info.xml,2039252078,2759661974,
story_info.xml,244036856,3547998464,
story_info.xml,2431590747,1293860003,
story_info.xml,3416819223,374938607,
story_info.xml,1386338221,2404403797,
story_info.xml,631695163,4166482627,
story_info.xml,3150082712,1714679648,
story_info.xml,3534993238,255994542,
story_info.xml,1270540012,2521529108,
story_info.xml,1019074170,3779873666,
story_info.xml,2732147673,2133384737,
story_info.xml,311473862,3479251774,
story_info.xml,2342119292,1449687684,
story_info.xml,4238268394,560941586,
story_info.xml,1660568137,3205226417,
story_info.xml,2431272,3721692368,
story_info.xml,2569816210,1155388778,
story_info.xml,3995826180,869983740,
story_info.xml,1884286375,2914938975,
story_info.xml,3097067085,1701372853,
story_info.xml,563097591,4234261007,
story_info.xml,1452744545,2338751129,
story_info.xml,3371403970,352458554,
story_info.xml,625886964,4173323020,
story_info.xml,3158775630,1639353014,
story_info.xml,3409979352,380746272,
story_info.xml,1428468347,2295672707,
story_info.xml,2649891217,1073986665,
story_info.xml,83587115,3641372115,
story_info.xml,1945911485,2920144197,
story_info.xml,3986216222,812206310,
story_info.xml,193693575,3598326399,
story_info.xml,2458048061,1332956101,
story_info.xml,3850757803,947157843,
story_info.xml,2078372616,2786127600,
story_info.xml,423503977,3301946769,
story_info.xml,2151119315,1573315627,
story_info.xml,4147136837,717345981,
story_info.xml,1767169254,3030728990,
story_info.xml,2709671692,2087965428,
story_info.xml,948641462,3850011470,
story_info.xml,1334586912,2457711576,
story_info.xml,3521690499,202974843,
story_info.xml,1012234165,3785681485,
story_info.xml,2774279695,2024651767,
story_info.xml,3529184921,262835041,
story_info.xml,1279230778,2446204610,
story_info.xml,2229866704,1494781224,
story_info.xml,501236074,3222396050,
story_info.xml,1793552892,3071732740,
story_info.xml,4102284383,695368103,
story_info.xml,1428803776,2295876920,
story_info.xml,3424682362,298916994,
story_info.xml,2114224899,2750750459,
story_info.xml,3876442809,989613889,
story_info.xml,2416632367,1308327895,
story_info.xml,242120588,3550472820,
story_info.xml,1730130498,3136171962,
story_info.xml,4262913016,602373632,
story_info.xml,2299646830,1423986326,
story_info.xml,393561805,3397704501,
story_info.xml,677258373,4121934205,
story_info.xml,2975298879,1822877895,
story_info.xml,3327149481,463591505,
story_info.xml,1479856138,2244300274,
story_info.xml,826611140,3971254332,
story_info.xml,2823570558,1975376262,
story_info.xml,3746264296,45803792,
story_info.xml,2812116977,2053956105,
story_info.xml,2451661127,1339096255,
story_info.xml,443041287,3348749311,
story_info.xml,2204178365,1586530885,
story_info.xml,3986012069,811870813,
story_info.xml,1956439583,2842524647,
story_info.xml,3334005862,457800094,
story_info.xml,1605481948,2185242660,
story_info.xml,683050314,4115077298,
story_info.xml,3067220201,1797491985,
story_info.xml,3752056103,38947039,
story_info.xml,1185580189,2606438757,
story_info.xml,833467403,3965463027,
story_info.xml,2949194152,1916320848,
story_info.xml,2430747616,1293147672,
story_info.xml,166400602,3558510498,
story_info.xml,2129404620,2736635700,
story_info.xml,104475093,3687560237,
story_info.xml,2314826401,1409871705,
story_info.xml,284173083,3439443683,
story_info.xml,1744245645,3120991861,
story_info.xml,4187194926,610409430,
story_info.xml,714933794,4151090138,
story_info.xml,2731811170,2133179546,
story_info.xml,1004368088,3861703968,
story_info.xml,4280293451,584156595,
story_info.xml,1713981937,3151549449,
story_info.xml,3557641096,167564912,
story_info.xml,1292114482,2432010186,
story_info.xml,973286052,3891443548,
story_info.xml,2758262535,2039882495,
story_info.xml,3440802505,283633457,
story_info.xml,1411328883,2314122891,
story_info.xml,588782565,4276717085,
story_info.xml,1540231420,2252311812,
story_info.xml,2186800142,1604743670,
story_info.xml,459193780,3333365836,
story_info.xml,1817808162,2980581594,
story_info.xml,344950331,3380485059,
story_info.xml,2605505871,1186807991,
story_info.xml,38112501,3753120013,
story_info.xml,1967307875,2830311835,
story_info.xml,3945146816,920106040,
story_info.xml,942189004,3856217140,
story_info.xml,2959183500,1838158708,
story_info.xml,694738742,4103684814,
story_info.xml,1201438510,2590892758,
story_info.xml,3734318740,56931180,
story_info.xml,1823550701,2973806869,
story_info.xml,4122508631,675930287,
story_info.xml,2193575361,1599000633,
story_info.xml,484169826,3240773018,
story_info.xml,1974082988,2824568916,
story_info.xml,3970124822,827511278,
story_info.xml,2611248256,1180033400,
story_info.xml,96528675,3627119835,
story_info.xml,988515179,3877246611,
story_info.xml,2749553361,2115192617,
story_info.xml,2889081182,1908571302,
story_info.xml,3571837511,152336319,
story_info.xml,602978858,4261488594,
story_info.xml,3136940944,1728607848,
story_info.xml,3456031494,269436670,
story_info.xml,1402621605,2389431133,
story_info.xml,148761065,3576460305,
story_info.xml,2446637139,1277502891,
story_info.xml,2651161564,1140071972,
story_info.xml,3872622789,992089405,
story_info.xml,2157235881,1566921553,
story_info.xml,298244264,3426174288,
story_info.xml,2295302418,1430131946,
story_info.xml,536833912,3255759488,
story_info.xml,2264284866,1527227194,
story_info.xml,886193339,3911426371,
story_info.xml,2916838657,1881862393,
story_info.xml,3671874967,120438895,
story_info.xml,1152960564,2571720140,
story_info.xml,768151034,4030238722,
story_info.xml,3032505408,1764868536,
story_info.xml,3284626646,506917166,
story_info.xml,1571027317,2152883341,
story_info.xml,1653119805,3212379845,
story_info.xml,4219587207,644896639,
story_info.xml,4098945288,698445040,
story_info.xml,2357656081,1366779881,
story_info.xml,2073275004,2791454596,
story_info.xml,3801807814,1064003134,
story_info.xml,2510146384,1215059624,
story_info.xml,200892147,3590898443,
story_info.xml,1354693055,2370790471,
story_info.xml,3384256517,340145661,
story_info.xml,3328611210,462884466,
story_info.xml,3199244435,1665205611,
story_info.xml,3640123135,84296455,
story_info.xml,1235601662,2488554758,
story_info.xml,3500972356,224199868,
story_info.xml,N/A,N/A,
story_info.xml,N/A,N/A,
story_info.xml,N/A,N/A,
story_info.xml,N/A,N/A,
story_info.xml,N/A,N/A,
story_info.xml,N/A,N/A,
story_info.xml,N/A,N/A,
story_info.xml,N/A,N/A,
story_info.xml,N/A,N/A,
story_info.xml,N/A,N/A,
story_info.xml,N/A,N/A,
story_info.xml,N/A,N/A,
story_info.xml,N/A,N/A,
story_info.xml,N/A,N/A,
story_info.xml,N/A,N/A,
story_info.xml,N/A,N/A,
story_info.xml,N/A,N/A,
story_info.xml,N/A,N/A,
story_info.xml,N/A,N/A,
story_info.xml,N/A,N/A,
